content,date,like,place,tags
새로운 레시피의 아이스크림 버블바🍦한 입 퍼먹고픈 비쥬얼😝아이스크림 버블바는 새로운 레시피로진행합니다😍,[],2021-08-19,0,
"...1,2-초집중3-건방4,5-숨막히는 뒷태~ㅋㅋ#관람자세보소 #주아마마 #baby #babygirl #16개월아기 #귀엽쥐 #사랑스럽쥐 #쥐띠아기 #트위티 #트위티두상 #두상미인 #두짤✌🏻️ #10년만에둘째 #10년만에육아다시시작#제주아쿠아플라넷 #제주도 #제주여행 #아기와제주도","['#관람자세보소', '#주아마마', '#baby', '#babygirl', '#16개월아기', '#귀엽쥐', '#사랑스럽쥐', '#쥐띠아기', '#트위티', '#트위티두상', '#두상미인', '#두짤✌🏻️', '#10년만에둘째', '#10년만에육아다시시작', '#제주아쿠아플라넷', '#제주도', '#제주여행', '#아기와제주도']",2021-08-19,0,
#제주한달살이 #제주일상..#사이분식맛난떡볶이와 순대그중에서나는순대~~~이게 맛나네~~..떡볶이는 남편과 나는 한점먹기쉽지않다.너네  떡볶이 안먹는다며....#livinginjejuislandforamonth#여행일상 #제주살이#제주시 #협재 #협재해수욕장 #jeju #제주바다 #제주도민맛집#제주맛집 #협재맛집#일상 #일상소통#제주도맛집 #today#제주여행 #협재일상#제주 #jeju #jeju일상#제주도 #제주한달살이일상#day#daily#데일리#일상공유 #today#좋아요 #팔로우,"['#제주한달살이', '#제주일상..', '#사이분식맛난떡볶이와', '#livinginjejuislandforamonth', '#여행일상', '#제주살이', '#제주시', '#협재', '#협재해수욕장', '#jeju', '#제주바다', '#제주도민맛집', '#제주맛집', '#협재맛집', '#일상', '#일상소통', '#제주도맛집', '#today', '#제주여행', '#협재일상', '#제주', '#jeju', '#jeju일상', '#제주도', '#제주한달살이일상', '#day', '#daily', '#데일리', '#일상공유', '#today', '#좋아요', '#팔로우']",2021-08-19,0,
".#위치📍제주특별자치도 구좌읍 김녕로 3길 6-11📍#김녕해수욕장 #김녕해변 #김녕바다 가깝습니다:)숙소 안쪽 마당 내에 주차장이 있어서 1대 주차가능합니다.여러대인 경요, 숙소 근처 공영주차장을 이용해주세요🙏블로그 내 맛집, 근처 볼거리 등 많은 정보가 담겨있으니많은 참고 부탁드립니다🍻🍤🍩감사합니다🧡✔️ 위치 : 제주시 김녕로3길 6-11✔️ 문의 : dm / 카카오톡 '느랏 김녕아치'","['#위치📍제주특별자치도', '#김녕해수욕장', '#김녕해변', '#김녕바다']",2021-08-19,0,
이제 얼마 남지 않은 여름💜....#제주#일상#사계해변#행복해#제주여행#드라이브#주부일상#제주살이,"['#제주', '#일상', '#사계해변', '#행복해', '#제주여행', '#드라이브', '#주부일상', '#제주살이']",2021-08-19,0,
🏝 제주도 현장답사후 친구 펜션에서 하루묵기@goyo_jeju_...............#제주도 #제주여행 #고요제주 #제주펜션 #불멍 #제주도리모델링 #제주도맛집 #제주도카페 #제주도숙소 #제주도게스트하우스,"['#제주도', '#제주여행', '#고요제주', '#제주펜션', '#불멍', '#제주도리모델링', '#제주도맛집', '#제주도카페', '#제주도숙소', '#제주도게스트하우스']",2021-08-19,0,
"Saw the red lighthouse as the plane was descending and I told myself I have to go there. Even though there was really nothing there, the waves were veryy calming 💙 and sat there for a few minutes waiting for the sunset...then i ran for my life cause I realized I might not get a bus ride back to my hotel 😂Photo taken by standing my phone infront of my water bottle 😂#제주여행 #힐링타임 #솔로여행","['#제주여행', '#힐링타임', '#솔로여행']",2021-08-19,0,
.빨주노초파보 🌈쫀득쫀득 꼬끄에 맛있는 필링🤤✨월정 바다와 함께일 때 더 빛이 나는 무지개 수카롱 ❤️🧡💛💚💙💜제주시 구좌읍 해맞이해안로 406 카페콧수염070-4131-8880매일 모든 메뉴 sold-out 되므로 선착순 판매합니다.방문해주신 모든 분들께 감사드립니다#제주도마카롱 #월정리맛집 #성산일출봉맛집 #애월맛집 #제주도 #월정리콧수염 #월정리카페콧수염 #제주카페투어 #제주애견동반카페 #성산맛집 #함덕맛집 #월정 #제주도민맛집 #제주도선물 #제주맛집 #제주여행 #제주도카페 #제주시카페 #제주월정리 #제주카페추천 #월정리카페 #제주 #제주월정리카페 #월정리카페거리 #제주피크닉 #구좌읍맛집 #구좌읍카페 #제주도맛집 #제주카페 #월정리,"['#제주도마카롱', '#월정리맛집', '#성산일출봉맛집', '#애월맛집', '#제주도', '#월정리콧수염', '#월정리카페콧수염', '#제주카페투어', '#제주애견동반카페', '#성산맛집', '#함덕맛집', '#월정', '#제주도민맛집', '#제주도선물', '#제주맛집', '#제주여행', '#제주도카페', '#제주시카페', '#제주월정리', '#제주카페추천', '#월정리카페', '#제주', '#제주월정리카페', '#월정리카페거리', '#제주피크닉', '#구좌읍맛집', '#구좌읍카페', '#제주도맛집', '#제주카페', '#월정리']",2021-08-19,0,
"제주도 흑돼지 특수부위맛집 신산나들목식당흑돼지10가지 특수부위 판매점넓은 홀. 단체석으로도 좋은 곳가격이 저렴해서 부담없이 즐 길 수 있어요.특수부위를 나누어 나열해서 나오며,부위별로 표시해주는 사장님의 센스!구워먹을때도 불판 시계방향으로 돌 에다특수부위 명칭을 적어 놓아주시니 부위별로맛을 음미 할 수 있어 특별한 맛을 보았어요제주 흑돼지 특수부위맛집은 현지인맛집으로 알려져 관광객들이꾸준히 찾아와요진짜진짜 현지인맛집!주소: 제주 서귀포시 성산읍 일주동로 5100전화번호:064-784-4200영업시간 : 매일11:00~21:00 일요일은 오후 2시까지 영업#제주여행 #제주가볼만한곳#제주도흑돼지#제주도흑돼지맛집#제주핫플#서귀포시맛집#성산맛집#성산일출봉맛집#섭지코지맛집#광치기해변맛집#제주서핑#성산카페#성산일출봉카페#우도맛집 #제주흑돼지맛집 #제주여행코스","['#제주여행', '#제주가볼만한곳', '#제주도흑돼지', '#제주도흑돼지맛집', '#제주핫플', '#서귀포시맛집', '#성산맛집', '#성산일출봉맛집', '#섭지코지맛집', '#광치기해변맛집', '#제주서핑', '#성산카페', '#성산일출봉카페', '#우도맛집', '#제주흑돼지맛집', '#제주여행코스']",2021-08-19,0,
"#노고로시 #노고로시토스트 #자두에이드 #청귤에이드..오늘 한림은 앞이 보이지 않을만큼 굵은 장대비가 쏟어졌어요!.비가 그치고 무더위와 코로나도 씻겨갔으면 하는 바람입니다☺️.오늘은 어제 올려드린 공지처럼  3시까지 주문 받구요, 4시에 영업종료합니다..오랜만에 노고로시 토스트 사진을 올려드리네요, 역시나 방문해주신 손님께서 찍어주신 사진이구요🥰늘, 감사합니다...매일 아침마다 오늘은 좋은 뉴스가 들려오길 바라는 마음이네요, 모두가 힘내서 개인 방역수칙 잘 지키며 안전하게 위기를 이겨내요🙏 ..노고로시는 항상 머무시는 모든 분들의 안전을 위해서 노력하고 있습니다. 안내드리는 안전 수칙과, 주의사항을 꼭 숙지해 주시길 바랄게요. 감사합니다...#제주카페 #제주한림카페 #애월카페 #제주카페투어","['#노고로시', '#노고로시토스트', '#자두에이드', '#청귤에이드..오늘', '#제주카페', '#제주한림카페', '#애월카페', '#제주카페투어']",2021-08-19,0,
두시간 전 ..#instagood #instadaily #daily #likeforlikes #fff #l4l #ootd #선팔 #맞팔 #선팔하면맞팔 #좋아요반사 #좋튀 #좋반 #selfie #selstagram #셀피 #전남 #20 #01 #여수 #광주 #첫줄 #일상 #얼스타그램 #셀기꾼 #제주여행 #마지막 #2시간전 .,"['#instagood', '#instadaily', '#daily', '#likeforlikes', '#fff', '#l4l', '#ootd', '#선팔', '#맞팔', '#선팔하면맞팔', '#좋아요반사', '#좋튀', '#좋반', '#selfie', '#selstagram', '#셀피', '#전남', '#20', '#01', '#여수', '#광주', '#첫줄', '#일상', '#얼스타그램', '#셀기꾼', '#제주여행', '#마지막', '#2시간전']",2021-08-19,0,
"d가뭔데 저기앞에서 사진찍냐는 엄마,, ㅎ",[],2021-08-19,0,
"오늘의 곶감❤️정말 맛있는 최상 등급 상주곶감, 보은대추, 제주유자가 듬뿍 들어가요😍 너무 맛있는 조합이에요😊혼합구성에도 곶감이 커서 통에 담기지를 않아욤?🤭명절 시즌 지나고 가장 많이 찾으시는 구성은,곶감 7구 바구니와 육각 7구 고급 구성입니다.이번에도 우리의 곶감에게 혼을 담아볼께효. . 😊☺추석 명절셋트는 주말 저녁쯔음 공지 올리겠습니다선주문 기간 혜택 짱이져? ☺😊☺..모든 문의는 디엠/카카오톡 플러스 친구-유라케로 문의 부탁드려요.순차적으로 답변 드릴께요🙏🏻🙏🏻✔️010-2883-0410 전화/문자 문의가 조금 빨라요😭🙏🏻🙏🏻..#유라케",['#유라케'],2021-08-19,0,
빼는건 6달 찌는건 2주면 충분했다ㅋㅋㅋ이제 모노키니도 날 버거워 한다🙃🙃🙃......#제주 #성산 #제주여행 #목요일#모노키니 #운동녀 #운동하는여자 #운동하는직장인 #운동하는남자 #몸스타그램 #다이어터 #유지어터 #일상 #소통 #맞팔 #인친 #셀카 #셀피 #셀스타그램 #얼스타그램 #데일리 #오오티디 #selfie #selca #instagram #instagood #instadaily #likeforlikes #제주성산카페,"['#제주', '#성산', '#제주여행', '#목요일', '#모노키니', '#운동녀', '#운동하는여자', '#운동하는직장인', '#운동하는남자', '#몸스타그램', '#다이어터', '#유지어터', '#일상', '#소통', '#맞팔', '#인친', '#셀카', '#셀피', '#셀스타그램', '#얼스타그램', '#데일리', '#오오티디', '#selfie', '#selca', '#instagram', '#instagood', '#instadaily', '#likeforlikes', '#제주성산카페']",2021-08-19,0,
파도의 파편,[],2021-08-19,0,
-#휘휘낭낭#초코파티휘낭시에다크초코코팅해서 스프링클이랑 엠앤엠알록달록보기좋은떡이 먹기도 좋다며❤️📍오늘의라인업📍휘낭시에(financier)브라운치즈휘낭시에 3.0솔티카라멜휘낭시에 2.5견과류크로칸트휘낭시에 2.5초코파티휘낭시에 2.5무화과크림치즈휘낭시에 2.5 ❌SOLD OUT인절미크럼블휘낭시에 2.5플레인휘낭시에 2.0티그레가나슈티그레 2.0쿠키 오레오스모어쿠키 3.5민트초코오레오쿠키 3.0그린티벨벳쿠키 3.0커피(coffee)아메리카노 2.5아이스아메리카노 3.0바닐라라떼 3.0아이스바닐라라떼3.5음료(Drink)젤리아이스티복숭아 3.5⠀⠀⠀⠀⠀ ⠀⠀⠀⠀⠀ ⠀⠀⠀⠀⠀ ⠀⠀⠀⠀ ⠀⠀⠀⠀⠀⠀⠀⠀⠀⠀⠀⠀⠀⠀⠀⠀⠀⠀⠀⠀⠀⠀⠀⠀⠀⠀⠀⠀⠀⠀⠀⠀⠀⠀⠀⠀⠀⠀⠀⠀⠀⠀⠀⠀📍주소:서귀포 소암로12-1영업시간 11:30-6:00⠀⠀⠀⠀⠀⠀⠀⠀⠀⠀⠀⠀⠀⠀⠀⠀⠀⠀⠀⠀⠀⠀⠀⠀⠀⠀⠀⠀⠀⠀⠀⠀⠀⠀⠀⠀⠀⠀⠀⠀⠀⠀⠀⠀⠀ ⠀⠀⠀⠀⠀⠀⠀⠀⠀⠀⠀⠀⠀⠀⠀⠀⠀⠀⠀⠀⠀⠀⠀⠀⠀⠀⠀⠀⠀⠀⠀⠀⠀⠀⠀⠀⠀⠀⠀⠀⠀⠀⠀⠀ ⠀⠀⠀⠀⠀⠀⠀⠀⠀⠀ ⠀⠀⠀⠀⠀ ⠀⠀⠀⠀⠀ ⠀⠀⠀⠀⠀⠀⠀⠀⠀⠀ ⠀⠀⠀⠀⠀ ⠀⠀⠀⠀⠀ ⠀⠀⠀⠀ ⠀⠀⠀⠀⠀⠀⠀⠀⠀⠀⠀⠀⠀⠀⠀⠀⠀⠀⠀⠀⠀⠀⠀⠀⠀⠀⠀⠀⠀⠀⠀⠀⠀⠀⠀⠀⠀⠀⠀⠀⠀⠀⠀⠀ #디저트 #온더테이블 #브런치 #빵순이 #빵스타그램 #제주빵집 #coffee #베이킹 #온더테이블 #구움과자맛집 #휘낭시에맛집 #스콘맛집 #서귀포카페 #제주카페 #서귀포카페 #서귀포휘낭시에 #서귀포구움과자 #크럼블바 #서귀포맛집 #서귀포여행 #제주여행 #제주아기랑갈만한곳 #소암기념관 #자구리공원 #이중섭거리,"['#휘휘낭낭', '#초코파티휘낭시에다크초코코팅해서', '#디저트', '#온더테이블', '#브런치', '#빵순이', '#빵스타그램', '#제주빵집', '#coffee', '#베이킹', '#온더테이블', '#구움과자맛집', '#휘낭시에맛집', '#스콘맛집', '#서귀포카페', '#제주카페', '#서귀포카페', '#서귀포휘낭시에', '#서귀포구움과자', '#크럼블바', '#서귀포맛집', '#서귀포여행', '#제주여행', '#제주아기랑갈만한곳', '#소암기념관', '#자구리공원', '#이중섭거리']",2021-08-19,0,
🌴🪵,[],2021-08-19,0,
"📅일정 코로나로 인해 수강생님의 스케줄에 맞춰서 클래스 일정 협의 후 진행합니다 :)🧑🏻‍🎨 디자인 안내▪️원-데이 : 30*30 사이즈직사각형 / 정방형으로 가능합니다 약 5시간 소요▪️투-데이 : 50*35 이내직사각형 / 정방형 / 원형 / 비정형 가능합니다 약 4시간씩 2회▪️쓰리-데이 : 60*60 이내직사각형 / 정방형 / 원형 / 비정형 가능합니다 약 4시간씩 3회▪️거울프레임 50*50이내직사각형 / 타원형 / 비정형 가능합니다 약 4시간씩 2회투,쓰리-데이,거울프레임에서는 컷파일,루프파일건 두가지 기법으로 작업 가능해요💰클래스 비용에 작업에 필요한 재료비 전부 포함됩니다 (추가비용 없음)단,벽에 걸 용도로 마감작업 할 시 필요한 재료는 별도로 안내드립니다🚘주차장 있어요🚌버스정류장 가까워요🌳10초 앞에 공원 있어요 (작업하시다가 바람 쐬기 딱 좋아요 댕댕이천국)",[],2021-08-19,0,
제주도 또 갈래 (*´꒳`*)---#제주도 #제주여행 #애월 #한담해변 #한담해안산책로 #여행지추천 #여행스타그램 #셀스타그램 #선팔 #맞팔 #좋아요반사 #첫줄 #댓글 #항공과 #00 #01 #21 #일상 #데일리룩 #데일리 #ootd #fashion #instagood #instalike #likeforlikes #followforfollowback #fff #f4f #daily #dm,"['#제주도', '#제주여행', '#애월', '#한담해변', '#한담해안산책로', '#여행지추천', '#여행스타그램', '#셀스타그램', '#선팔', '#맞팔', '#좋아요반사', '#첫줄', '#댓글', '#항공과', '#00', '#01', '#21', '#일상', '#데일리룩', '#데일리', '#ootd', '#fashion', '#instagood', '#instalike', '#likeforlikes', '#followforfollowback', '#fff', '#f4f', '#daily', '#dm']",2021-08-19,0,
쉬멍😮,[],2021-08-19,0,
Purple Moss VintageEuropean Vintage Vests———————————*모든 문의는 DM으로 문의주세요:)*12:00 ~ 20:00(21:00)Mon ~ Sun제주시 애월읍 하귀로 53수입빈티지샵 퍼플모스Country Origin : EU / US / ASIA,[],2021-08-19,0,
"@jeju._.rani 라니언니 따라서제주 그랜드 하얏트 호텔 1층에 글렌모렌지 위스키 팝업카페에 다녀왔어요☺️시그넷위스키로 만든 칵테일과 티라미수, 초콜릿 등 프로모션 세트도 있어서 분위기있게 맛있게잘 즐기고 왔어요. 8월 한달간만 운영된다 하니위스키 좋아하시면 제주 그랜드 하얏트한번쯤 방문해보시길 추천드려요  글렌모렌지 신제품이 한국면세점에 런칭되어 JDC제주 면세점에서 구입도 가능하다고해요.👏🏻👏🏻👏🏻#글렌모렌지시그넷 #glenmorangie #글렌모렌지 #위스키 #위스키추천","['#글렌모렌지시그넷', '#glenmorangie', '#글렌모렌지', '#위스키', '#위스키추천']",2021-08-19,0,
"🤎 제주의 전통술, 고소리술 🤎쌀과 차조로 10일 간의 발효기간을 거쳐증류한 후, 숙성과정을 거친 술이예요 🥂제주여행선물로 추천드립니다 🍸☑ 연락처 : 0507-1496-1116☑ 위치 : 제주 미래컨벤션센터 1층 제주사월☑ 전국택배 가능합니다",[],2021-08-19,0,
#제주한달살이 #제주일상 ..해수욕장 가는길은언제나즐거운  #부자지간발걸음도 경쾌🏖..#livinginjejuislandforamonth#여행 #한달살이#여행일상 #제주살이#제주시 #협재 #협재해수욕장 #jeju #제주바다#초등맘일상 #초등맘스타그램#일상 #일상소통#일상공유 #today#제주여행 #협재일상#제주 #jeju #jeju일상#제주도 #제주한달살이일상#day#daily#데일리#일상공유 #today#좋아요 #팔로우,"['#제주한달살이', '#제주일상', '#부자지간발걸음도', '#livinginjejuislandforamonth', '#여행', '#한달살이', '#여행일상', '#제주살이', '#제주시', '#협재', '#협재해수욕장', '#jeju', '#제주바다', '#초등맘일상', '#초등맘스타그램', '#일상', '#일상소통', '#일상공유', '#today', '#제주여행', '#협재일상', '#제주', '#jeju', '#jeju일상', '#제주도', '#제주한달살이일상', '#day', '#daily', '#데일리', '#일상공유', '#today', '#좋아요', '#팔로우']",2021-08-19,0,
#제주도 #제주여행 #제주여행코스 #제주카페 #제주맛집 #제주반려견동반 #제주데이트코스 #제주게스트하우스 #제주펜션 #함덕해수욕장 #함덕맛집 #함덕카페 #구좌읍맛집 #구좌읍카페 #김녕 #김녕해수욕장 #김녕카페 #김녕맛집 #월정리 #월정리해변 #월정리카페 #쓩쓩렌탈 #세화맛집 #세화카페 #세화해변 #좋아요 #좋아요반사#팔로우 #맞팔선팔환영 자전거.전기자전거.  전동킥보드.전동스쿠터(이디뚜뚜)대여 합니다^-^주소:제주도 제주시 구좌읍 월정1길3문의전화:01055685083,"['#제주도', '#제주여행', '#제주여행코스', '#제주카페', '#제주맛집', '#제주반려견동반', '#제주데이트코스', '#제주게스트하우스', '#제주펜션', '#함덕해수욕장', '#함덕맛집', '#함덕카페', '#구좌읍맛집', '#구좌읍카페', '#김녕', '#김녕해수욕장', '#김녕카페', '#김녕맛집', '#월정리', '#월정리해변', '#월정리카페', '#쓩쓩렌탈', '#세화맛집', '#세화카페', '#세화해변', '#좋아요', '#좋아요반사', '#팔로우', '#맞팔선팔환영']",2021-08-19,0,
당근케이뀨!맛있어서케이크츄가#첫줄 #제주도 #제주도카페 #여행 #제주카페 #제주여행 #구좌상회 #당근케이크 #제주맛집 #휴가,"['#첫줄', '#제주도', '#제주도카페', '#여행', '#제주카페', '#제주여행', '#구좌상회', '#당근케이크', '#제주맛집', '#휴가']",2021-08-19,0,
제주도에서만 즐길수있는 수제버거 관자스테이크버거 고단백 저칼로리 제주 버거요 미친선셋은 덤입니다,[],2021-08-19,0,
#주상절리보트타고 드가줘야하는데 아쉽🥲스카프 휘날리며🤣오빠가 제주아지매라고🤗#량이제주#제주여행 #서귀포#중문#찍새요정,"['#주상절리보트타고', '#량이제주', '#제주여행', '#서귀포', '#중문', '#찍새요정']",2021-08-19,0,
제주 유일의벨기에 맥주 전문점이자최정상급 수도원맥주펍그리고합리적인 가격으로 좋은 와인을 즐길 수 있는 분위기 깡패 마담나탈리로 오세요 ...#마담나탈리소셜클럽#마담나탈리#협재맛집#금능#제주술집#jejupub#재즈공연#제주맛집#벨기에맥주#공항맛집#제주데이코스#한림맛집#제주여행#제주맛집#제주핫플#제주혼술#애월술집#협재술집#제주공연#제주라이브#제주재즈클럽#애월맛집#협재맛집#애월카페#제주와인바#제주와인콜키지#협재와인바,"['#마담나탈리소셜클럽', '#마담나탈리', '#협재맛집', '#금능', '#제주술집', '#jejupub', '#재즈공연', '#제주맛집', '#벨기에맥주', '#공항맛집', '#제주데이코스', '#한림맛집', '#제주여행', '#제주맛집', '#제주핫플', '#제주혼술', '#애월술집', '#협재술집', '#제주공연', '#제주라이브', '#제주재즈클럽', '#애월맛집', '#협재맛집', '#애월카페', '#제주와인바', '#제주와인콜키지', '#협재와인바']",2021-08-19,0,
나는야 아직까진 제주날씨요정 🧚‍♀️.....🏝#여행 #휴가 #제주여행 #여행스타그램 #휴가스타그램 #제주어디까지가봤니 #제주동백카페 #그림인줄 #넘예뻐 #제주카페 #카페추천 #카페맛집 #아아 #일상 #소통 #좋아요그램 #좋테러 #좋반 #좋테 #선팔하면맞팔,"['#여행', '#휴가', '#제주여행', '#여행스타그램', '#휴가스타그램', '#제주어디까지가봤니', '#제주동백카페', '#그림인줄', '#넘예뻐', '#제주카페', '#카페추천', '#카페맛집', '#아아', '#일상', '#소통', '#좋아요그램', '#좋테러', '#좋반', '#좋테', '#선팔하면맞팔']",2021-08-19,0,
제주 유일의벨기에 맥주 전문점이자최정상급 수도원맥주펍그리고합리적인 가격으로 좋은 와인을 즐길 수 있는 분위기 깡패 마담나탈리로 오세요 ...#마담나탈리소셜클럽#마담나탈리#협재맛집#금능#제주술집#jejupub#재즈공연#제주맛집#벨기에맥주#공항맛집#제주데이코스#한림맛집#제주여행#제주맛집#제주핫플#제주혼술#애월술집#협재술집#제주공연#제주라이브#제주재즈클럽#애월맛집#협재맛집#애월카페#제주와인바#제주와인콜키지#협재와인바,"['#마담나탈리소셜클럽', '#마담나탈리', '#협재맛집', '#금능', '#제주술집', '#jejupub', '#재즈공연', '#제주맛집', '#벨기에맥주', '#공항맛집', '#제주데이코스', '#한림맛집', '#제주여행', '#제주맛집', '#제주핫플', '#제주혼술', '#애월술집', '#협재술집', '#제주공연', '#제주라이브', '#제주재즈클럽', '#애월맛집', '#협재맛집', '#애월카페', '#제주와인바', '#제주와인콜키지', '#협재와인바']",2021-08-19,0,
☺︎⠀⠀⠀⠀⠀⠀⠀⠀⠀⠀⠀⠀⠀⠀⠀⠀⠀⠀⠀⠀⠀⠀⠀⠀⠀⠀⠀⠀⠀⠀⠀⠀이제 우리더 불멍하러가쟈~⠀⠀⠀⠀⠀⠀⠀⠀⠀⠀⠀⠀⠀⠀⠀⠀#무민랜드,['#무민랜드'],2021-08-19,0,
#사진한잔의여유⠀올해여름성세기해변에서 ⠀⠀,['#사진한잔의여유⠀올해여름성세기해변에서'],2021-08-19,0,
제주 유일의벨기에 맥주 전문점이자최정상급 수도원맥주펍그리고합리적인 가격으로 좋은 와인을 즐길 수 있는 분위기 깡패 마담나탈리로 오세요 ...#마담나탈리소셜클럽#마담나탈리#협재맛집#금능#제주술집#jejupub#재즈공연#제주맛집#벨기에맥주#공항맛집#제주데이코스#한림맛집#제주여행#제주맛집#제주핫플#제주혼술#애월술집#협재술집#제주공연#제주라이브#제주재즈클럽#애월맛집#협재맛집#애월카페#제주와인바#제주와인콜키지#협재와인바,"['#마담나탈리소셜클럽', '#마담나탈리', '#협재맛집', '#금능', '#제주술집', '#jejupub', '#재즈공연', '#제주맛집', '#벨기에맥주', '#공항맛집', '#제주데이코스', '#한림맛집', '#제주여행', '#제주맛집', '#제주핫플', '#제주혼술', '#애월술집', '#협재술집', '#제주공연', '#제주라이브', '#제주재즈클럽', '#애월맛집', '#협재맛집', '#애월카페', '#제주와인바', '#제주와인콜키지', '#협재와인바']",2021-08-19,0,
본격 수험생모드 전에 힐링여행 했어요🏝🍃⬆️프로필에 유투브 링크있어요😀#제주여행#제주도맛집탐방#브이로그구경오세요#맹랑한수험생📝#수험생브이로그#휴가브이로그#여행브이로그,"['#제주여행', '#제주도맛집탐방', '#브이로그구경오세요', '#맹랑한수험생📝', '#수험생브이로그', '#휴가브이로그', '#여행브이로그']",2021-08-19,0,
아직 덥지만 천천히 가을이 다가오는 중 인가봐요😆-💖릴리 에이프런 원피스💖허리 뒤에 고무밴딩으로 되어있고허리 끈으로 한번 더 체형을 잡아줘서 핏 예쁜 원피스형 에이프런입니다🤍,[],2021-08-19,0,
[비단조개]당분간 조개모닥구이밀키트에는 제철이 끝난 물바지락 대신 비단조개를 넣어드립니다.비단조개로 우러내는 국물은 정말 깊은 맛인데요! 동봉되어 있는 바지락칼국수와 함께 마무리로 활용하시면 될 것 같아요🥣#이런조약돌같은비단조개#조개모닥,"['#이런조약돌같은비단조개', '#조개모닥']",2021-08-19,0,
#사진으로쓰는연애일기 서퍼와 포토그래퍼🏄🏻‍♂️📷,['#사진으로쓰는연애일기'],2021-08-19,0,
"#핏앤핏스튜디오 #수민핏베이지톤의 실내에 핑크빛 조명이 달달하고 따수운 여섯번의 보름 🌕통창으로 보는 오늘의 서귀포 날씨 또한 너무 따뜻하구용 🌿요즘 예쁜것만 보고 싶은 수미니, 나쁜것 훠이훠이 저리가~ 😊 #제주카페 #서귀포카페 #오늘의제주 #서귀포","['#핏앤핏스튜디오', '#수민핏베이지톤의', '#제주카페', '#서귀포카페', '#오늘의제주', '#서귀포']",2021-08-19,0,
"1차통과😁두근두근.., .#휴도예공방 #달항아리 #제주도체험 #제주여행 #제주 #도자기공방 #제주도자기공방 #휴도자기공방 #도자기원데이클래스 #이기성도예공방 #백자 #찻사발 #도자기 #제주일상 #제주도 #ceramic #pottery #ceramics #ceramicstudio","['#휴도예공방', '#달항아리', '#제주도체험', '#제주여행', '#제주', '#도자기공방', '#제주도자기공방', '#휴도자기공방', '#도자기원데이클래스', '#이기성도예공방', '#백자', '#찻사발', '#도자기', '#제주일상', '#제주도', '#ceramic', '#pottery', '#ceramics', '#ceramicstudio']",2021-08-19,0,
결혼 1주년 기념 꽃다발을 웨딩 느낌으로 주문주셔서 연출 해 드렸어요💗예쁜 꽃과 함께 더욱더 로맨틱한 하루 보내시길 바래요🙂장전리로 슝~ 배송 해 드렸어요🚙#살롱드꽃 #salon de꽃 #제주도꽃다발예쁜꽃집 #제주도꽃다발 #제주도축하꽃다발 #제주도기념일꽃다발 #제주도생일꽃다발 #제주도데이트꽃다발 #제주도프로포즈꽃다발 #제주도여행꽃다발 #제주도촬영용꽃다발 #제주도꽃집 #애월읍꽃집 #하귀1리꽃집 #제주공항가는길꽃집 #제주도 #애월읍 #하귀 #하귀하나로마트 #하귀휴먼시아아파트 #하귀일초등학교 #제주도민 #제주살이 #제주일상 #제주여행 #제주도꽃 #살롱드꽃제주0647137768 #인스타디엠❌#카카오톡:happyjjeng #급한주문은 전화 부탁드려요📱,"['#살롱드꽃', '#salon', '#제주도꽃다발예쁜꽃집', '#제주도꽃다발', '#제주도축하꽃다발', '#제주도기념일꽃다발', '#제주도생일꽃다발', '#제주도데이트꽃다발', '#제주도프로포즈꽃다발', '#제주도여행꽃다발', '#제주도촬영용꽃다발', '#제주도꽃집', '#애월읍꽃집', '#하귀1리꽃집', '#제주공항가는길꽃집', '#제주도', '#애월읍', '#하귀', '#하귀하나로마트', '#하귀휴먼시아아파트', '#하귀일초등학교', '#제주도민', '#제주살이', '#제주일상', '#제주여행', '#제주도꽃', '#살롱드꽃제주0647137768', '#인스타디엠❌', '#카카오톡:happyjjeng', '#급한주문은']",2021-08-19,0,
<영업시간 변경 안내>8월 18일(수)부터 8월 29일(일)까지 영업시간이 10:00~18:00로 변경됩니다.- 코로나19가 없어지는 날까지 모두 힘냅시다 🙏#제주여행#삼화지구맛집#제주맛집#제주해안카페#제주여행코스#별도봉#바다뷰카페#올레18코스 #코로나19이겨내자 #사회적거리두기4단계,"['#제주여행', '#삼화지구맛집', '#제주맛집', '#제주해안카페', '#제주여행코스', '#별도봉', '#바다뷰카페', '#올레18코스', '#코로나19이겨내자', '#사회적거리두기4단계']",2021-08-19,0,
#돌고래#보고싶다#날씨가좋으면#찾아오세요 #굿나잇민박#제주#jeju#애월#하가리#보름살기#한달살기#애월숙소#애월민박#제주숙소#제주민박#제주여행,"['#돌고래', '#보고싶다', '#날씨가좋으면', '#찾아오세요', '#굿나잇민박', '#제주', '#jeju', '#애월', '#하가리', '#보름살기', '#한달살기', '#애월숙소', '#애월민박', '#제주숙소', '#제주민박', '#제주여행']",2021-08-19,0,
입에서 녹아버렷,[],2021-08-19,0,
vllo는 다 좋은데 무료음원이 맘에 드는게 벨로 없네#제주도 #서귀포 #산방산 #용머리해안 #매빅2줌 #드론스타그램 #드론 #제주여행 #여름휴가 #휴가스타그램,"['#제주도', '#서귀포', '#산방산', '#용머리해안', '#매빅2줌', '#드론스타그램', '#드론', '#제주여행', '#여름휴가', '#휴가스타그램']",2021-08-19,0,
⠀⠀⠀⠀⠀⠀ ⠀⠀⠀⠀⠀⠀ ⠀⠀⠀⠀⠀⠀ ⠀ ⠀⠀⠀⠀⠀⠀ ⠀⠀⠀⠀⠀⠀ ⠀밤에 열공보다 ✏️컴컴한방에서 몰래 연애편지📝 쓸때 좋을것같은 #스탠드조명볼펜🤍,['#스탠드조명볼펜🤍'],2021-08-19,0,
해무가 잔뜩 껴서 한라산 살리느라 화질은 날아갔지만 한 번쯤은 이런 한라산 확대삿(?) 을 담아보고 싶었다🧚🏻‍♂️,[],2021-08-19,0,
아무것도 없어 보이는 바다이지만 가까이 들여다보면 숨어있는 쓰레기들을 만날 수 있어요. 바닷 속과 비슷한 모습으로 자신을 숨기고 있는 쓰레기들을 보면 한편으론 자연으로 돌아가려 애쓰는 모습 같기도 해요. 🥲,[],2021-08-19,0,
The Club at NINE BRIDGESQuak Faimly한동안 안보이더니...공기 좋고 살기좋은 이곳에서 태어난 걸진심으로 축하해~너희들은 4단계든 5단계든거리두기에 해당하지 않으니 사이좋게 다니렴마스크 안써서 좋겠다#클럽나인브릿지 #나인브릿지제주 #나인브릿지 #ninebridges #골프 #골프장 #golf #제주도 #제주 #제주여행 #오리 #거리두기4단계 #top100golf #top100golfcourse,"['#클럽나인브릿지', '#나인브릿지제주', '#나인브릿지', '#ninebridges', '#골프', '#골프장', '#golf', '#제주도', '#제주', '#제주여행', '#오리', '#거리두기4단계', '#top100golf', '#top100golfcourse']",2021-08-19,0,
🐻‍❄️💗,[],2021-08-19,0,
-틈틈이 시간내어 짝꿍이랑 먹은 예쁜 것 🧸예쁜 공간에서 여행 온 기분 좀 내보았어요:)#미드나잇일상 #카페여유로이 #제주여행 #월정리카페,"['#미드나잇일상', '#카페여유로이', '#제주여행', '#월정리카페']",2021-08-19,0,
"제주도떠나기전날산굼부리,,,마지막이라고 끌려가서사진찍는 좋은예)ㅡㅡ",[],2021-08-18,0,
"제주도22일 살이정리,,,좋은사람들 만나 좋았구최고의 여행이였던거같아요",[],2021-08-18,0,
#제주한달살이 #제주일상..그림같은 제주도어제협재날씨 맑음..#livinginjejuislandforamonth#여행 #한달살이#여행일상 #제주살이#제주시 #협재 #협재해수욕장 #jeju #제주바다#초등맘일상 #초등맘스타그램#일상 #일상소통#일상공유 #today#제주여행 #협재일상#제주 #jeju #jeju일상#제주도 #제주한달살이일상#day#daily#데일리#일상공유 #today#좋아요 #팔로우,"['#제주한달살이', '#제주일상..그림같은', '#livinginjejuislandforamonth', '#여행', '#한달살이', '#여행일상', '#제주살이', '#제주시', '#협재', '#협재해수욕장', '#jeju', '#제주바다', '#초등맘일상', '#초등맘스타그램', '#일상', '#일상소통', '#일상공유', '#today', '#제주여행', '#협재일상', '#제주', '#jeju', '#jeju일상', '#제주도', '#제주한달살이일상', '#day', '#daily', '#데일리', '#일상공유', '#today', '#좋아요', '#팔로우']",2021-08-19,0,
#협재맛집 #제주여행 #제주비빔밥 #안녕협재씨,"['#협재맛집', '#제주여행', '#제주비빔밥', '#안녕협재씨']",2021-08-19,0,
오늘도브레이크타임 없구요^^언제나 편히 😉식사 가능.!혼밥러들 환영👍😘.다양한 카레와 토핑으로 특별한 행복을 만드세요^^.🔸️위치 - 제주시 애월읍 애월해안로 752 2층 (구엄리 509).🔸️10:00 ~ (lastorder 19:00) (재료소진시 마감될 수 있어요).🔸️@saicurry_aewol #사이카레. #애월맛집 #애월밥집 #애월해안도로맛집#제주여행 #애월해변맛집 #제주맛집 #제주애월맛집#애월여행 #제주혼밥하기좋은곳#제주가볼만한곳 #구엄리맛집#카레맛집 #제주핫플 #제주추천맛집 #애월혼밥추천 #애월점심식사 #애월점심추천 #제주도민추천 #사이카레 #제주찐맛집#제주혼밥# #제주혼밥추천 #애월아침식사 #제주핫플 #제주여행 #애월밥집추천 #제주맛집탐방#제주점심추천#애월아침추천 #제주사진찍기좋은곳 #jejudoisland #애월혼밥하기좋은곳,"['#사이카레.', '#애월맛집', '#애월밥집', '#애월해안도로맛집', '#제주여행', '#애월해변맛집', '#제주맛집', '#제주애월맛집', '#애월여행', '#제주혼밥하기좋은곳', '#제주가볼만한곳', '#구엄리맛집', '#카레맛집', '#제주핫플', '#제주추천맛집', '#애월혼밥추천', '#애월점심식사', '#애월점심추천', '#제주도민추천', '#사이카레', '#제주찐맛집', '#제주혼밥', '#제주혼밥추천', '#애월아침식사', '#제주핫플', '#제주여행', '#애월밥집추천', '#제주맛집탐방', '#제주점심추천', '#애월아침추천', '#제주사진찍기좋은곳', '#jejudoisland', '#애월혼밥하기좋은곳']",2021-08-19,0,
오늘도브레이크타임 없구요^^언제나 편히 😉식사 가능.!혼밥러들 환영👍😘.다양한 카레와 토핑으로 특별한 행복을 만드세요^^.🔸️위치 - 제주시 애월읍 애월해안로 752 2층 (구엄리 509).🔸️10:00 ~ (lastorder 19:00) (재료소진시 마감될 수 있어요).🔸️@saicurry_aewol #사이카레. #애월맛집 #애월밥집 #애월해안도로맛집#제주여행 #애월해변맛집 #제주맛집 #제주애월맛집#애월여행 #제주혼밥하기좋은곳#제주가볼만한곳 #구엄리맛집#카레맛집 #제주핫플 #제주추천맛집 #애월혼밥추천 #애월점심식사 #애월점심추천 #제주도민추천 #사이카레 #제주찐맛집#제주혼밥# #제주혼밥추천 #애월아침식사 #제주핫플 #제주여행 #애월밥집추천 #제주맛집탐방#제주점심추천#애월아침추천 #제주사진찍기좋은곳 #jejudoisland #애월혼밥하기좋은곳,"['#사이카레.', '#애월맛집', '#애월밥집', '#애월해안도로맛집', '#제주여행', '#애월해변맛집', '#제주맛집', '#제주애월맛집', '#애월여행', '#제주혼밥하기좋은곳', '#제주가볼만한곳', '#구엄리맛집', '#카레맛집', '#제주핫플', '#제주추천맛집', '#애월혼밥추천', '#애월점심식사', '#애월점심추천', '#제주도민추천', '#사이카레', '#제주찐맛집', '#제주혼밥', '#제주혼밥추천', '#애월아침식사', '#제주핫플', '#제주여행', '#애월밥집추천', '#제주맛집탐방', '#제주점심추천', '#애월아침추천', '#제주사진찍기좋은곳', '#jejudoisland', '#애월혼밥하기좋은곳']",2021-08-19,0,
오늘도브레이크타임 없구요^^언제나 편히 😉식사 가능.!혼밥러들 환영👍😘.다양한 카레와 토핑으로 특별한 행복을 만드세요^^.🔸️위치 - 제주시 애월읍 애월해안로 752 2층 (구엄리 509).🔸️10:00 ~ (lastorder 19:00) (재료소진시 마감될 수 있어요).🔸️@saicurry_aewol #사이카레. #애월맛집 #애월밥집 #애월해안도로맛집#제주여행 #애월해변맛집 #제주맛집 #제주애월맛집#애월여행 #제주혼밥하기좋은곳#제주가볼만한곳 #구엄리맛집#카레맛집 #제주핫플 #제주추천맛집 #애월혼밥추천 #애월점심식사 #애월점심추천 #제주도민추천 #사이카레 #제주찐맛집#제주혼밥# #제주혼밥추천 #애월아침식사 #제주핫플 #제주여행 #애월밥집추천 #제주맛집탐방#제주점심추천#애월아침추천 #제주사진찍기좋은곳 #jejudoisland #애월혼밥하기좋은곳,"['#사이카레.', '#애월맛집', '#애월밥집', '#애월해안도로맛집', '#제주여행', '#애월해변맛집', '#제주맛집', '#제주애월맛집', '#애월여행', '#제주혼밥하기좋은곳', '#제주가볼만한곳', '#구엄리맛집', '#카레맛집', '#제주핫플', '#제주추천맛집', '#애월혼밥추천', '#애월점심식사', '#애월점심추천', '#제주도민추천', '#사이카레', '#제주찐맛집', '#제주혼밥', '#제주혼밥추천', '#애월아침식사', '#제주핫플', '#제주여행', '#애월밥집추천', '#제주맛집탐방', '#제주점심추천', '#애월아침추천', '#제주사진찍기좋은곳', '#jejudoisland', '#애월혼밥하기좋은곳']",2021-08-19,0,
.(알림).장모술상.방문포장 주문시 현장에서 즉시 10% 할인‼(결제시 인스타 이미지 보여주세용).064 - 747 - 4307.#코로나4단계#자영업자화이팅,"['#코로나4단계', '#자영업자화이팅']",2021-08-19,0,
오늘도브레이크타임 없구요^^언제나 편히 😉식사 가능.!혼밥러들 환영👍😘.다양한 카레와 토핑으로 특별한 행복을 만드세요^^.🔸️위치 - 제주시 애월읍 애월해안로 752 2층 (구엄리 509).🔸️10:00 ~ (lastorder 19:00) (재료소진시 마감될 수 있어요).🔸️@saicurry_aewol #사이카레. #애월맛집 #애월밥집 #애월해안도로맛집#제주여행 #애월해변맛집 #제주맛집 #제주애월맛집#애월여행 #제주혼밥하기좋은곳#제주가볼만한곳 #구엄리맛집#카레맛집 #제주핫플 #제주추천맛집 #애월혼밥추천 #애월점심식사 #애월점심추천 #제주도민추천 #사이카레 #제주찐맛집#제주혼밥# #제주혼밥추천 #애월아침식사 #제주핫플 #제주여행 #애월밥집추천 #제주맛집탐방#제주점심추천#애월아침추천 #제주사진찍기좋은곳 #jejudoisland #애월혼밥하기좋은곳,"['#사이카레.', '#애월맛집', '#애월밥집', '#애월해안도로맛집', '#제주여행', '#애월해변맛집', '#제주맛집', '#제주애월맛집', '#애월여행', '#제주혼밥하기좋은곳', '#제주가볼만한곳', '#구엄리맛집', '#카레맛집', '#제주핫플', '#제주추천맛집', '#애월혼밥추천', '#애월점심식사', '#애월점심추천', '#제주도민추천', '#사이카레', '#제주찐맛집', '#제주혼밥', '#제주혼밥추천', '#애월아침식사', '#제주핫플', '#제주여행', '#애월밥집추천', '#제주맛집탐방', '#제주점심추천', '#애월아침추천', '#제주사진찍기좋은곳', '#jejudoisland', '#애월혼밥하기좋은곳']",2021-08-19,0,
제주도 여행 맛집❣️#협재맛집 #제주여행 #제주비빔밥 #안녕협재씨,"['#협재맛집', '#제주여행', '#제주비빔밥', '#안녕협재씨']",2021-08-19,0,
오늘도브레이크타임 없구요^^언제나 편히 😉식사 가능.!혼밥러들 환영👍😘.다양한 카레와 토핑으로 특별한 행복을 만드세요^^.🔸️위치 - 제주시 애월읍 애월해안로 752 2층 (구엄리 509).🔸️10:00 ~ (lastorder 19:00) (재료소진시 마감될 수 있어요).🔸️@saicurry_aewol #사이카레. #애월맛집 #애월밥집 #애월해안도로맛집#제주여행 #애월해변맛집 #제주맛집 #제주애월맛집#애월여행 #제주혼밥하기좋은곳#제주가볼만한곳 #구엄리맛집#카레맛집 #제주핫플 #제주추천맛집 #애월혼밥추천 #애월점심식사 #애월점심추천 #제주도민추천 #사이카레 #제주찐맛집#제주혼밥# #제주혼밥추천 #애월아침식사 #제주핫플 #제주여행 #애월밥집추천 #제주맛집탐방#제주점심추천#애월아침추천 #제주사진찍기좋은곳 #jejudoisland #애월혼밥하기좋은곳,"['#사이카레.', '#애월맛집', '#애월밥집', '#애월해안도로맛집', '#제주여행', '#애월해변맛집', '#제주맛집', '#제주애월맛집', '#애월여행', '#제주혼밥하기좋은곳', '#제주가볼만한곳', '#구엄리맛집', '#카레맛집', '#제주핫플', '#제주추천맛집', '#애월혼밥추천', '#애월점심식사', '#애월점심추천', '#제주도민추천', '#사이카레', '#제주찐맛집', '#제주혼밥', '#제주혼밥추천', '#애월아침식사', '#제주핫플', '#제주여행', '#애월밥집추천', '#제주맛집탐방', '#제주점심추천', '#애월아침추천', '#제주사진찍기좋은곳', '#jejudoisland', '#애월혼밥하기좋은곳']",2021-08-19,0,
"☀제주의 멋과 맛을 모두 즐기시고 싶다면➩✨제주여행의 후회없는 선택➀제주공항 근처 바닷가 바로 앞 풍경맛집➁해녀가 직접 채집하는제주보말, 제주돼지, 제주비트를 재료로 하는 건강맛집 [한라진칼국수]입니다.✅OPEN 9:00✅CLOSE 16:00✅매주 월요일 정기휴무✈제주시 테우해안로32☏TEL 064.711.8525#한라진칼국수 #제주맛집 #제주맛집추천 #제주도맛집 #제주도맛집추천 #제주공항맛집 #제주공항근처맛집 #보말칼국수 #보말칼국수맛집 #제주보말칼국수 #제주보말칼국수맛집 #돔베고기 #제주가족여행 #제주데이트 #제주점심 #제주도민맛집 #이호테우해변맛집 #애월맛집 #애월해안도로맛집 #제주오션뷰맛집 #함덕맛집 #성산일출봉맛집 #협재맛집 #곽지맛집 #한담맛집 #한림맛집 #제주도여행 #제주여행 #제주핫플 #제주아침식사","['#한라진칼국수', '#제주맛집', '#제주맛집추천', '#제주도맛집', '#제주도맛집추천', '#제주공항맛집', '#제주공항근처맛집', '#보말칼국수', '#보말칼국수맛집', '#제주보말칼국수', '#제주보말칼국수맛집', '#돔베고기', '#제주가족여행', '#제주데이트', '#제주점심', '#제주도민맛집', '#이호테우해변맛집', '#애월맛집', '#애월해안도로맛집', '#제주오션뷰맛집', '#함덕맛집', '#성산일출봉맛집', '#협재맛집', '#곽지맛집', '#한담맛집', '#한림맛집', '#제주도여행', '#제주여행', '#제주핫플', '#제주아침식사']",2021-08-19,0,
#민남매뎌둉해요 사진을 넘 많이 찍어서멈출수가 없어요 #도배예정20분의 산책으로 얻은 사진 100장🤣아직 각 독사진도 남았다구요!오빠랑 하트하고싶은 민서랑도저히 하트는 용납 못하는 민준이#현실남매 #찐남매,"['#민남매뎌둉해요', '#도배예정20분의', '#현실남매', '#찐남매']",2021-08-19,0,
.3pm 숨 활짝 열어두겠습니다~🙋🏽‍♂️습습 덥덥 후덥 습습 한 날은 프레쉬한 뽀모도로에  와인🍷🤪그냥 맨날 와인 께헷🐒..🌈제주시 대동길 18  우드 인테리어 건물🧘🏽🌱영업시간 • 3pm ~ 10pm(코로나 아니면 쭉~)🥙다이닝 타임 • 5pm ~ 10pm (마지막 주문9pm)📝문의 및 예약 • 인스타 DM또는 네이버 전화.나마스떼 🙏🏽☮️,[],2021-08-19,0,
시장사람들서귀포향토오일장 #urbansketchers  #uskjeju#urbansketchersjeju #오늘도내일도어반스케치#어반스케치 #1일1어반 #유딧의어반캠퍼스#유딧제주어반스300 #시장사람들#서귀포향토오일장 #schmincke #arches #watercolorpainting#illustration #aquarelle#carnetdevoyage#travelsketch#슬기로운취미생활 #일상스케치 #여행스케치#수채일러스트 #제주생활 #제주여행,"['#urbansketchers', '#uskjeju', '#urbansketchersjeju', '#오늘도내일도어반스케치', '#어반스케치', '#1일1어반', '#유딧의어반캠퍼스', '#유딧제주어반스300', '#시장사람들', '#서귀포향토오일장', '#schmincke', '#arches', '#watercolorpainting', '#illustration', '#aquarelle', '#carnetdevoyage', '#travelsketch', '#슬기로운취미생활', '#일상스케치', '#여행스케치', '#수채일러스트', '#제주생활', '#제주여행']",2021-08-19,0,
#쇠소깍바다옆  이것은  무엇??물색을  제대로  담을수 없는게  아쉽티비에서나  보던  나무배 젓느라  팔아프지만 경치가  최고. h̆̈ă̈p̆̈p̆̈y̆̈틈틈이 문의답변드리고 있어요^^,['#쇠소깍바다옆'],2021-08-19,0,
🔻,[],2021-08-19,0,
"오늘은 재택근무를 하는 날이라,, 얼루기랑 집근처 식당에서 외식! 30분 만에 호다닥 먹었지만 기분 전환도 되고 참 좋았당~ 츄베릅!😋",[],2021-08-19,0,
#제주한달살이 #제주일상..전생에해녀였을까?조개도새우도소라도꽃게도거침없이잡는 그녀..오빠가 같이 안논다고삐졌어.😕..#livinginjejuislandforamonth#여행 #한달살이#여행일상 #제주살이#제주시 #협재 #협재해수욕장#jeju #제주바다#초등맘일상 #초등맘스타그램#일상 #일상소통#일상공유 #today#제주여행 #협재일상#제주 #jeju #jeju일상#제주도 #제주한달살이일상#day#daily#데일리#일상공유 #today#좋아요 #팔로우,"['#제주한달살이', '#제주일상..전생에해녀였을까?조개도새우도소라도꽃게도거침없이잡는', '#livinginjejuislandforamonth', '#여행', '#한달살이', '#여행일상', '#제주살이', '#제주시', '#협재', '#협재해수욕장', '#jeju', '#제주바다', '#초등맘일상', '#초등맘스타그램', '#일상', '#일상소통', '#일상공유', '#today', '#제주여행', '#협재일상', '#제주', '#jeju', '#jeju일상', '#제주도', '#제주한달살이일상', '#day', '#daily', '#데일리', '#일상공유', '#today', '#좋아요', '#팔로우']",2021-08-19,0,
santorini in jeju 🧼🍃🐚,[],2021-08-19,0,
@ia_beautifuljeju #사단법인아름다운제주 #8월아름다운제주공모전 #제주여행 #8월제주 힘껏 한참함께하고전해요 부드럽게 제주여행,"['#사단법인아름다운제주', '#8월아름다운제주공모전', '#제주여행', '#8월제주']",2021-08-19,0,
날씨도좋고 기분도좋고아무튼 이래저래 좋았던거야~😎#제주 #제주도 #제주여행 #여행스타그램 #휴가 #여름휴가 #카페 #제주카페 #카페스타그램 #하트시그널3 #이너프 #enough,"['#제주', '#제주도', '#제주여행', '#여행스타그램', '#휴가', '#여름휴가', '#카페', '#제주카페', '#카페스타그램', '#하트시그널3', '#이너프', '#enough']",2021-08-19,0,
.(알림).장모술상.방문포장 주문시 현장에서 즉시 10% 할인‼(결제시 인스타 이미지 보여주세용).064 - 747 - 4307.#코로나4단계#자영업자화이팅,"['#코로나4단계', '#자영업자화이팅']",2021-08-19,0,
비행기✈ 고장으로 1시간 지연으로 이제 겨우탐~~수하물 내리고 다시 재수속하고벌써 비행기1번 타고 내렸네..아직도 못뜨고있음.주말내내 제주도는 비도오고 4단계라 12곳 해수욕장도 폐쇄라지만..예약취소가 안되기에 무거운 마음이지만 조심히 다녀오겠습니다....☆휴무 8.19~8.22일☆#김포공항 #아시아나항공기고장#제주여행#가족여름휴가#가족여행#김대표고마워#마일리지예약#1시간지연#진상아줌마들시끄러ㅠㅠ,"['#김포공항', '#아시아나항공기고장', '#제주여행', '#가족여름휴가', '#가족여행', '#김대표고마워', '#마일리지예약', '#1시간지연', '#진상아줌마들시끄러ㅠㅠ']",2021-08-19,0,
"ო̤̜어깨 깡패 😏8, 9월 예약 받고 있습니다 🤗문의는 프로필의 오픈 카톡으로 부탁드립니다!Photo by. @inkhealed_zero",[],2021-08-19,0,
.막 찍어도 화보 같은 월정리 카페 콧수염고객님의 멋진 사진 감사합니다 🤳제주시 구좌읍 해맞이해안로 406 카페콧수염070-4131-8880매일 모든 메뉴 sold-out 되므로 선착순 판매합니다.예쁜 사진 남겨주셔서 감사합니다 🌷#구좌읍카페 #함덕맛집 #제주 #제주도맛집 #월정리 #월정리카페콧수염 #제주애견동반 #구좌읍 #제주시카페 #제주도카페 #월정리콧수염 #성산카페 #성산맛집 #월정리카페 #제주여행 #제주도 #서귀포카페 #월정 #구좌읍맛집 #제주도여행 #월정리맛집 #함덕카페 #함덕해수욕장 #제주도기념품 #제주맛집 #제주카페 #제주월정리 #제주월정리카페 #제주카페추천 #제주도마카롱,"['#구좌읍카페', '#함덕맛집', '#제주', '#제주도맛집', '#월정리', '#월정리카페콧수염', '#제주애견동반', '#구좌읍', '#제주시카페', '#제주도카페', '#월정리콧수염', '#성산카페', '#성산맛집', '#월정리카페', '#제주여행', '#제주도', '#서귀포카페', '#월정', '#구좌읍맛집', '#제주도여행', '#월정리맛집', '#함덕카페', '#함덕해수욕장', '#제주도기념품', '#제주맛집', '#제주카페', '#제주월정리', '#제주월정리카페', '#제주카페추천', '#제주도마카롱']",2021-08-19,0,
사장님 알로뷰 …❤️,[],2021-08-19,0,
"부랴부랴 택배 싸놓고,오후는 율이와 피크닉 🧺 수업준비와 주문제작건은 야근 당첨😭제주 작은마을안 라탄공방🥕원데이/취미반/정규반/단체,기업출강/주문제작🥕문의는 오픈카톡 연이네다락방 / DM다락소품샵은 당분간 예약방문만 가능합니다🥕라탄소품과 키트 구매는 스마트스토어에서도 가능합니다 #연이네다락방#엄만야근해야해 #제주피크닉#풍경이다했다 #어린이집휴원#피크닉#picnic","['#연이네다락방', '#엄만야근해야해', '#제주피크닉', '#풍경이다했다', '#어린이집휴원', '#피크닉', '#picnic']",2021-08-19,0,
"🌾제주 2일차 2021.08.10🌾천제연 폭포 제1폭포 제2폭포까지 가고 제일 지옥인 제3폭포까지 산타기 하면서 매우 힘들었다(2폭포에서 3폭포 가는 시간 30분,,) 그래도 제주도에서 제일 예뻤던 곳,,❤️ 눈에 아무리 담아도 안아파 그리워 아쉬워 ㅠ-ㅠ",[],2021-08-19,0,
코디컷 📷,[],2021-08-19,0,
주렁주렁 꽃천지🌺,[],2021-08-19,0,
#제주여행 #1일차#사진못찍음,"['#제주여행', '#1일차', '#사진못찍음']",2021-08-19,0,
Cannot believe lava flows made this honeycomb shaped columns. It seems like someone carved on purpose. I like a geological diversity in Jejudo...서귀포 앞바다는 이런 곳이 많지. 생물학적 다양성 뿐만 아니라 지질학적 다양성까지 한 눈에 볼 수 있는 제주...#jejuisland #jeju #korea #drone #dronephotography #ocean #landscape #dji #djiglobal #photo #aerialphotography #제주도 #제주 #제주드론 #드론촬영 #드론사진 #드론 #제주여행 #사진 #사진맛집 #드론샷 #자연 #풍경,"['#jejuisland', '#jeju', '#korea', '#drone', '#dronephotography', '#ocean', '#landscape', '#dji', '#djiglobal', '#photo', '#aerialphotography', '#제주도', '#제주', '#제주드론', '#드론촬영', '#드론사진', '#드론', '#제주여행', '#사진', '#사진맛집', '#드론샷', '#자연', '#풍경']",2021-08-19,0,
📍soongan - sanp첫 프로필 촬영🌝....#jeju #제주도민 #인스타 #제주중문 #제주여행 #제주시,"['#jeju', '#제주도민', '#인스타', '#제주중문', '#제주여행', '#제주시']",2021-08-19,0,
Reposted from @appomingo 🥭안녕하세요!!아뽀밍고 2주년 기념으로 애플망고 리그램 이벤트 진행할께요😘많은 관심과 참여 부탁드려요🧡#리그램이벤트...🥭제주애플망고 리그램🥭....🥭경품 : 제주산 애플망고🥭...🥭참여방법🥭..1.@appomingo 팔로우 해주세요!!2.본 게시물에 좋아요를 눌러주세요!!3.본 게시물을 리그램 or 캡처해서 본인 계정에 올려주세요4.참여완료'를 댓글로 남겨주시면 끝~~😘✔참여완료 댓글에 제가 대댓글로 숫자써드려요(추첨숫자)✔캡처하시는 분들은 @appomingo #제주애플망고 #리그램이벤트 #아뽀밍고 해시태그 해주세요~✔비공개 계정은 참여불가해요😭😭...🥭리그램 참여기간 08.15(일)~08.25(수).🥭담청자 발표 : 08.27(금).무작위 추첨(어플사용예정)을 통해 한분을 뽑고 제가 뽑고싶은 4분을 더 선택하여 총 5분께 제주산 애플망고 2키로(과수랜덤)를 배송해드립니다그리고...아뽀밍고 2주년기념 리그램 이벤트인만큼 아뽀밍고 방문해주시고 인스타그램에 피드 업로드(#아뽀밍고) 해주신분들 중에서도 추가로 더 뽑을께요😘...👩‍🌾👨‍🌾 당일 수확 당일 배송👩‍🌾👨‍🌾 25년째 오직 애플망고만 농사👩‍🌾👨‍🌾 농장 도매가 직거래..👩‍🌾👨‍🌾 애플망고 주문가능제주산 애플망고 주문 및 문의..👉DM또는 카톡📱카톡아이디 : tsmango(빠른답변)..#제주애플망고#애플망고#아이간식#임산부선물#제주특산품#제주애플망고리그램#애플망고리그램#고급과일#제주#인스타이벤트#명품과일#제주여행#태성망고농장#태성망고#태성망고농원#애플망고빙수#상견례선물,"['#리그램이벤트...🥭제주애플망고', '#제주애플망고', '#리그램이벤트', '#아뽀밍고', '#아뽀밍고)', '#제주애플망고', '#애플망고', '#아이간식', '#임산부선물', '#제주특산품', '#제주애플망고리그램', '#애플망고리그램', '#고급과일', '#제주', '#인스타이벤트', '#명품과일', '#제주여행', '#태성망고농장', '#태성망고', '#태성망고농원', '#애플망고빙수', '#상견례선물']",2021-08-19,0,
#휴가 #여름휴가 #제주 #제주여행 #공항근처 #우연히들린카페 #제주핫플 #제주카페 #카페진정성 #카페진정성종점 #해안도로 #드라이브 #이쁜제주바다 #힐링,"['#휴가', '#여름휴가', '#제주', '#제주여행', '#공항근처', '#우연히들린카페', '#제주핫플', '#제주카페', '#카페진정성', '#카페진정성종점', '#해안도로', '#드라이브', '#이쁜제주바다', '#힐링']",2021-08-19,0,
🙌#애월맛집#한라봉스시#제주맛집#제주여행#여행스타그램,"['#애월맛집', '#한라봉스시', '#제주맛집', '#제주여행', '#여행스타그램']",2021-08-19,0,
광고)제주공항에서 진~짜가깝고 개별룸이 많아서 더 좋고맛있는 도민맛집으로유명한 '연동대게회타운'낮2시부터 ~ 라스트오더는 밤 12시까지개인룸에서 맘편하게 먹자!!🙊이야.. 살이 꽉 차있네소리가 절로나오는탱글 쫄깃한💦속살에⠀녹~찐한 내장까지증말 스릉흔다❤❤⠀밑반찬 구성도푸짐하니 다양하게즐길 수 있어 좋고!⠀살이꽉찬 대게&킹크랩 맛집👏⠀개별룸 형식으로걱정🙅 ♀없이 먹는'연동대게회타운'⠀<연동대게회타운>*제주 제주시 신대로 125*064-903-1889#제주맛집 #제주도맛집#제주공항근처맛집#제주골프 #제주도골프#제주여행 #제주도여행#제주 #제주도 #제주시맛집 #제주시 #제주도민맛집 #제주공항 #제주도공항,"['#제주맛집', '#제주도맛집', '#제주공항근처맛집', '#제주골프', '#제주도골프', '#제주여행', '#제주도여행', '#제주', '#제주도', '#제주시맛집', '#제주시', '#제주도민맛집', '#제주공항', '#제주도공항']",2021-08-19,0,
-돌고래 보러 요트투어 예약했는데 야속하게도 못봄🥲 우리딸 울기직전😂 쾌적하고 시설도 좋아서 투어하는동안 만족스러웠음👍🏻 ---#M1971 #제주핫플 #돌고래투어 #요트투어 #제주요트 #제주여행 #제주가볼만한곳 #제주살이 #피드올리면 #에코백 #협찬 #서귀포여행,"['#M1971', '#제주핫플', '#돌고래투어', '#요트투어', '#제주요트', '#제주여행', '#제주가볼만한곳', '#제주살이', '#피드올리면', '#에코백', '#협찬', '#서귀포여행']",2021-08-19,0,
"매년 찾아주시는 제주은행 비서팀 💙늘 감사합니다 🎂💞 ☺️⠀ ⠀⠀⠀⠀⠀⠀⠀⠀⠀⠀⠀⠀⠀⠀⠀⠀화면 속에 꽉차는 사진 속 케익은 3호 크레센트형 🎂⠀ ⠀⠀⠀⠀⠀⠀⠀⠀⠀⠀⠀⠀⠀⠀⠀⠀현재 ~ 25일까지 주문 마감31일 주문 마감 ❤️⠀ ⠀⠀⠀⠀⠀⠀⠀⠀⠀⠀⠀⠀⠀⠀⠀⠀⠀ ⠀⠀⠀⠀⠀⠀⠀⠀⠀⠀⠀⠀⠀⠀⠀⠀디엠은 확인이 어려워요 🙏🏻⠀ ⠀⠀⠀⠀⠀⠀⠀⠀⠀⠀⠀⠀⠀⠀⠀곱닥헌의 모든 제품, 패키징은 제 브랜드와 맞게 제가 많이 연구하고 노력하여 얻어낸 결과물 입니다. 카피캣은 싫어요 😖(제 디자인은 저에게만 의뢰 주세요 🙇🏻‍♀️. 저도 타업체 디자인은 작업하지 않습니다 ☺️. )⠀ ⠀⠀⠀⠀⠀⠀⠀⠀⠀⠀⠀⠀⠀⠀⠀⠀⠀ ⠀⠀⠀⠀⠀⠀⠀⠀⠀⠀⠀⠀⠀⠀⠀⠀요즘 주문량이 많아, 답변도 늦고 마감된 날짜가 많아요 🙏🏻예약 주문은 여유있게 최소 1-2주 전 연락 부탁드립니다 ❤️⠀ ⠀⠀⠀⠀⠀⠀⠀⠀⠀⠀⠀⠀⠀⠀⠀⠀⠀ ⠀⠀⠀⠀⠀⠀⠀⠀⠀⠀⠀⠀⠀⠀⠀⠀✔️천연가루로 조색하는 건강한 플라워 떡케익 입니다.✔️색소, 계란, 버터, 밀가루 들어가지 않아요.✔️사진은 밝기 외엔 보정을 하지 않습니다.⠀ ⠀⠀⠀⠀⠀⠀⠀⠀⠀⠀⠀⠀⠀⠀⠀⠀⠀ ⠀⠀⠀⠀⠀⠀⠀⠀⠀⠀⠀⠀⠀⠀⠀⠀▫️모든 제품의 예약은 정성을 기울일 수 있게 최소 3-4일전, ▫️케이터링 및 단체주문, 출강 문의는여유있게 ~ 한달 전 문의 부탁드립니다.⠀ ⠀⠀⠀⠀⠀⠀⠀⠀⠀⠀⠀⠀⠀⠀⠀⠀▫️ 모든 제품은 주문 제작 상품으로 예약제 입니다.⠀⠀ 죄송하지만 당일제작은 어렵습니다.⠀ ⠀⠀⠀⠀⠀⠀⠀⠀⠀⠀⠀⠀⠀⠀⠀⠀▫️ 010-8430-8288▫️카카오톡: soonji1119⠀  다이렉트(dm) 확인은 어렵습니다⠀⠀⠀⠀⠀⠀⠀⠀⠀⠀⠀⠀⠀⠀⠀⠀▫️문의가 원활한 시간 : 월~금 / 10-6시 , 토일 / 12-2시케익 작업중 또는 상담중에는 답변이 어려울 수 있어,문의는 되도록 카톡이나 문자로 부탁드립니다 ^^방문 상담을 원하시는 경우 사전에 연락 꼭 부탁드립니다.⠀ ⠀⠀⠀⠀⠀⠀⠀⠀⠀⠀⠀⠀⠀⠀⠀⠀⠀⠀⠀⠀⠀⠀⠀⠀⠀⠀⠀⠀⠀⠀⠀⠀문의 주실 때에 원하시는 날짜, 시간, 디자인을 함께 말씀해주시면 상담이 조금 수월합니다 ❤⠀ ⠀⠀⠀⠀⠀⠀⠀⠀⠀⠀⠀⠀⠀⠀⠀⠀⠀ ⠀⠀⠀⠀⠀⠀⠀⠀⠀⠀⠀⠀⠀⠀⠀⠀#제주맛집 #제주결혼식 #제주웨딩 #제주스몰웨딩 #제주부부 #제주예비부부 #제주주문제작케익 #제주케이크 #제주여행 #제주 #jeju #용돈케익 #제주용돈케익 #브런치 #코로나 #곱닥헌 #곱닥헌케익 #서귀포답례떡 #제주답례떡 #제주여행 #제주가볼만한곳 #여름휴가 #제주상견례 #제주상견례선물 #제주도맛집 #목요일 #제주은행 #제주가정보육 #가정보육 #개학","['#제주맛집', '#제주결혼식', '#제주웨딩', '#제주스몰웨딩', '#제주부부', '#제주예비부부', '#제주주문제작케익', '#제주케이크', '#제주여행', '#제주', '#jeju', '#용돈케익', '#제주용돈케익', '#브런치', '#코로나', '#곱닥헌', '#곱닥헌케익', '#서귀포답례떡', '#제주답례떡', '#제주여행', '#제주가볼만한곳', '#여름휴가', '#제주상견례', '#제주상견례선물', '#제주도맛집', '#목요일', '#제주은행', '#제주가정보육', '#가정보육', '#개학']",2021-08-19,0,
🌴🌴🌴🌴🌴,[],2021-08-19,0,
제주4단계? 🥺7월에 제주 너무 좋아뚜 🤍🤍#제주핫플싹스리 🖤👍🏻,['#제주핫플싹스리'],2021-08-19,0,
광고)제주공항에서 진~짜가깝고 개별룸이 많아서 더 좋고맛있는 도민맛집으로유명한 '연동대게회타운'낮2시부터 ~ 라스트오더는 밤 12시까지개인룸에서 맘편하게 먹자!!🙊이야.. 살이 꽉 차있네소리가 절로나오는탱글 쫄깃한💦속살에⠀녹~찐한 내장까지증말 스릉흔다❤❤⠀밑반찬 구성도푸짐하니 다양하게즐길 수 있어 좋고!⠀살이꽉찬 대게&킹크랩 맛집👏⠀개별룸 형식으로걱정🙅 ♀없이 먹는'연동대게회타운'⠀<연동대게회타운>*제주 제주시 신대로 125*064-903-1889#제주맛집 #제주도맛집#제주공항근처맛집#제주골프 #제주도골프#제주여행 #제주도여행#제주 #제주도 #제주시맛집 #제주시 #제주도민맛집 #제주공항 #제주도공항,"['#제주맛집', '#제주도맛집', '#제주공항근처맛집', '#제주골프', '#제주도골프', '#제주여행', '#제주도여행', '#제주', '#제주도', '#제주시맛집', '#제주시', '#제주도민맛집', '#제주공항', '#제주도공항']",2021-08-19,0,
#일상#제주여행#봉식이자매같은 듯 다른 딸램 💖코로나는 언제쯤 ..ㅠ ㅜ🥲,"['#일상', '#제주여행', '#봉식이자매같은']",2021-08-19,0,
죠심히 잘 쏘다니는 중날씨 최고 좋았던 제주 2일차🌴#제주여행 #천지연폭포 #사계해안 #송악산,"['#제주여행', '#천지연폭포', '#사계해안', '#송악산']",2021-08-19,0,
광고)제주공항에서 진~짜가깝고 개별룸이 많아서 더 좋고맛있는 도민맛집으로유명한 '연동대게회타운'낮2시부터 ~ 라스트오더는 밤 12시까지개인룸에서 맘편하게 먹자!!🙊이야.. 살이 꽉 차있네소리가 절로나오는탱글 쫄깃한💦속살에⠀녹~찐한 내장까지증말 스릉흔다❤❤⠀밑반찬 구성도푸짐하니 다양하게즐길 수 있어 좋고!⠀살이꽉찬 대게&킹크랩 맛집👏⠀개별룸 형식으로걱정🙅 ♀없이 먹는'연동대게회타운'⠀<연동대게회타운>*제주 제주시 신대로 125*064-903-1889#제주맛집 #제주도맛집#제주공항근처맛집#제주골프 #제주도골프#제주여행 #제주도여행#제주 #제주도 #제주시맛집 #제주시 #제주도민맛집 #제주공항 #제주도공항,"['#제주맛집', '#제주도맛집', '#제주공항근처맛집', '#제주골프', '#제주도골프', '#제주여행', '#제주도여행', '#제주', '#제주도', '#제주시맛집', '#제주시', '#제주도민맛집', '#제주공항', '#제주도공항']",2021-08-19,0,
"..[🐬ULTRA MARINE🐳]협재 울트라마린ㅡ잊고있었는데 역시 제주 바다는 협재지..푸르다못해 영롱한 바다빛.🌊어디서 어떻게 찍어도 작품이다📸꼭 와봐야지 하고 저장해뒀었는데,오길 아주 잘했다.직원분들도 아주 친절하고,커피까지 맛있어버리니 참🤩또 올 수 밖에...👍👍✔️간달프라떼(솔트 카라멜 프레즐 라떼)✔️생각보다 여유로운 내부분위기(노키즈, 노펫 카페❌)✔️여유있는 주차공간🚗⏰영업시간⏰11:00 ~ 20:00 (4~10월)11:00 ~ 19:30 (11~3월)...",[],2021-08-19,0,
올 여름 잘 보냈다😊물이랑 친해지는중,[],2021-08-19,0,
대한민국 여기저기~ 제주도 여행.기회되는데로 무작정 다니기.날씨보니 다시 날아가고 싶다.제주 용두암.Lock-on D.Wind is Memory.Photo by ParanBaram D.#풍경사진 #풍경촬영#풍경그램#사진출사#LANDSCAPE#KOREALANDSCAPE#제주여행#제주도#용두암 #파바그램#파람그램#파바D그램#캐논이미지스토밍#CANONPHOTOGRAPHY#LANDSCAPEPHOTOGRAPHY#HOBBY #HOBBYPHOTO#바람의기억 #Wind_Is_Memory#로크온D #Lock_On_D#캐논 #Canon#5DMARK3 #5DMARK4 #EOS_R#PARANBARAM #파란바람#PARANBARAM_D #파란바람D,"['#풍경사진', '#풍경촬영', '#풍경그램', '#사진출사', '#LANDSCAPE', '#KOREALANDSCAPE', '#제주여행', '#제주도', '#용두암', '#파바그램', '#파람그램', '#파바D그램', '#캐논이미지스토밍', '#CANONPHOTOGRAPHY', '#LANDSCAPEPHOTOGRAPHY', '#HOBBY', '#HOBBYPHOTO', '#바람의기억', '#Wind_Is_Memory', '#로크온D', '#Lock_On_D', '#캐논', '#Canon', '#5DMARK3', '#5DMARK4', '#EOS_R', '#PARANBARAM', '#파란바람', '#PARANBARAM_D', '#파란바람D']",2021-08-19,0,
광고)제주공항에서 진~짜가깝고 개별룸이 많아서 더 좋고맛있는 도민맛집으로유명한 '연동대게회타운'낮2시부터 ~ 라스트오더는 밤 12시까지개인룸에서 맘편하게 먹자!!🙊이야.. 살이 꽉 차있네소리가 절로나오는탱글 쫄깃한💦속살에⠀녹~찐한 내장까지증말 스릉흔다❤❤⠀밑반찬 구성도푸짐하니 다양하게즐길 수 있어 좋고!⠀살이꽉찬 대게&킹크랩 맛집👏⠀개별룸 형식으로걱정🙅 ♀없이 먹는'연동대게회타운'⠀<연동대게회타운>*제주 제주시 신대로 125*064-903-1889#제주맛집 #제주도맛집#제주공항근처맛집#제주골프 #제주도골프#제주여행 #제주도여행#제주 #제주도 #제주시맛집 #제주시 #제주도민맛집 #제주공항 #제주도공항,"['#제주맛집', '#제주도맛집', '#제주공항근처맛집', '#제주골프', '#제주도골프', '#제주여행', '#제주도여행', '#제주', '#제주도', '#제주시맛집', '#제주시', '#제주도민맛집', '#제주공항', '#제주도공항']",2021-08-19,0,
☺︎⠀⠀⠀⠀⠀⠀⠀⠀⠀⠀⠀⠀⠀⠀⠀⠀⠀⠀⠀⠀⠀⠀⠀⠀⠀⠀⠀⠀⠀⠀⠀⠀⠀⠀⠀⠀⠀⠀⠀⠀⠀⠀⠀⠀⠀⠀⠀⠀#무민랜드,['#무민랜드'],2021-08-19,0,
사랑하는 사람들은 함께 여행을 떠나고 싶어 한다. 일상의 모든 것들을 벗어버리고 둘만의 시간을 원한다. 바닷가를 거닐며 파도에 취하고 숲속 길을 산책하며 숲 향기에 빠져들고 싶어 한다. 사랑하는 사람과 떠나는 여행은 마음 설레고 가슴 벅찬 일이다.- 용혜원님의 시 <사랑하니까> 중에서by 에디터 H#시티컷 #여행 #시,"['#시티컷', '#여행', '#시']",2021-08-19,0,
잘 나왔대 ㅎㅁㅎ🏝#제주양떼목장,['#제주양떼목장'],2021-08-19,0,
한숨을 한숨을 아주으 그으냥😅오름은 올라야해서 오름이자나 ..그걸 깜빡하고쪼리신고 간 내가 잘못했었네 😁가고시픈 #jeju#금악오름#6월의제주#회사여행✈️#10월엔남해#울회사복지짱#시너지짱,"['#jeju', '#금악오름', '#6월의제주', '#회사여행✈️', '#10월엔남해', '#울회사복지짱', '#시너지짱']",2021-08-19,0,
취미여도 좋아......#제주도 #제주여행 #여행 #소니이미지갤러리 #사진 #photography #streetphotography #daily #photolog #첫줄,"['#제주도', '#제주여행', '#여행', '#소니이미지갤러리', '#사진', '#photography', '#streetphotography', '#daily', '#photolog', '#첫줄']",2021-08-19,0,
in Jeju🌴,[],2021-08-16,0,
D!,[],2021-08-10,0,
요즘내힐링🙏,[],2021-06-02,0,
#무지개해안도로 #제주도 #제주여행,"['#무지개해안도로', '#제주도', '#제주여행']",2021-08-19,0,
대한민국 여기저기~ 제주도 여행.기회되는데로 무작정 다니기.간만에 벤치에 앉아 바람쐬기~제주 외돌개.Lock-on D.Wind is Memory.Photo by ParanBaram D.#풍경사진 #풍경촬영#풍경그램#사진출사#LANDSCAPE#KOREALANDSCAPE#제주여행#제주도#외돌개 #파바그램#파람그램#파바D그램#캐논이미지스토밍#CANONPHOTOGRAPHY#LANDSCAPEPHOTOGRAPHY#HOBBY #HOBBYPHOTO#바람의기억 #Wind_Is_Memory#로크온D #Lock_On_D#캐논 #Canon#5DMARK3 #5DMARK4 #EOS_R#PARANBARAM #파란바람#PARANBARAM_D #파란바람D,"['#풍경사진', '#풍경촬영', '#풍경그램', '#사진출사', '#LANDSCAPE', '#KOREALANDSCAPE', '#제주여행', '#제주도', '#외돌개', '#파바그램', '#파람그램', '#파바D그램', '#캐논이미지스토밍', '#CANONPHOTOGRAPHY', '#LANDSCAPEPHOTOGRAPHY', '#HOBBY', '#HOBBYPHOTO', '#바람의기억', '#Wind_Is_Memory', '#로크온D', '#Lock_On_D', '#캐논', '#Canon', '#5DMARK3', '#5DMARK4', '#EOS_R', '#PARANBARAM', '#파란바람', '#PARANBARAM_D', '#파란바람D']",2021-08-19,0,
"제주도에 이런 맛집이 있었다닝 ㅠㅠ감동 흑흑 ㅠㅠ연어장, 흑돼지, 한우.. 다 최애..   #팔로잉 #첫줄안녕 #요술식탁 #그냥 #월요병 #제주레스토랑 #좋아요램 #제주한우맛집 #사진스타그램 #제주용담동 #일상스타그램 #동문시장맛집 #좋반댓 #제주여행 #인스타굿 #제주공항근처 #팔로미 #제주맛집추천 #주말 #제주시내밥집 #데일리그램 #제주공항맛집 #선팔하면맞팔 #연어장 #맞좋아요","['#팔로잉', '#첫줄안녕', '#요술식탁', '#그냥', '#월요병', '#제주레스토랑', '#좋아요램', '#제주한우맛집', '#사진스타그램', '#제주용담동', '#일상스타그램', '#동문시장맛집', '#좋반댓', '#제주여행', '#인스타굿', '#제주공항근처', '#팔로미', '#제주맛집추천', '#주말', '#제주시내밥집', '#데일리그램', '#제주공항맛집', '#선팔하면맞팔', '#연어장', '#맞좋아요']",2021-08-19,0,
좋아하는 카페도 가고🌿물놀이 실컷 한 후💦저녁에 맛난 음식이랑 와인도 마시고🍷🍽호텔에서 편히 누워 시원한 맥주까지🍺😆더할 나위 없었던 하루✨..#주말 #데일리그램 #제주여행 #카페 #제주맛집 #데일리룩 #오오티디 #카페스타그램 #weekend #dailypic #cafe #dailylook #outfit #good,"['#주말', '#데일리그램', '#제주여행', '#카페', '#제주맛집', '#데일리룩', '#오오티디', '#카페스타그램', '#weekend', '#dailypic', '#cafe', '#dailylook', '#outfit', '#good']",2021-08-19,0,
낯선 사람 앞에선 소심한 오빠가 까불거리는데 웃겨 죽는줄ㅋㅋ🤣..#제주도#뒤죽박죽#제주여행#안돌오름#비밀의숲,"['#제주도', '#뒤죽박죽', '#제주여행', '#안돌오름', '#비밀의숲']",2021-08-19,0,
"-Patagonia flannel shirt(size.표기 사이즈S, 국내 사이즈 97-100정도)90’s Polo Ralph Lauren Two Pleats Chino Pants(size.국내 사이즈 30-31정도)#빈티지어게인_구매가능 𝒱𝒾𝓃𝓉𝒶𝑔𝑒 𝒶𝑔𝒶𝒾𝓃“합리적이고 가치있는 소비를 지향합니다.옛 것의 아름다움을 즐겨주세요.”📍서귀포시 김정문화로 39 1층 🕗 12:00 - 20:00🔒 MONDAY OFF💌 모든 문의는 DM 으로 주세요.🔖 구매는 오프라인 쇼룸, DM으로 구매 가능하세요.",['#빈티지어게인_구매가능'],2021-08-19,0,
"✨-제주도에서는 대충먹는 브런치도 꿀맛.예쁜 주방에서 준비하면 뭐든 신나고 맛있죠.역시 음식은 분위기랑 장소도 중요한것 같아요숙소는 제주도 ""일상호사""#맛스타그램 #맛집추천 #데이트코스 #서울맛집 #서울맛집추천 #맛집탐방 #일상 #좋아요 #선팔 #맞팔 #소통 #먹팔 #먹팔소통 #일상스타그램 #제주 #제주도여행 #제주여행 #제주숙소 #제주숙소추천 #제주독채펜션 #제주독채 #여행스타그램 #브런치 #여행","['#맛스타그램', '#맛집추천', '#데이트코스', '#서울맛집', '#서울맛집추천', '#맛집탐방', '#일상', '#좋아요', '#선팔', '#맞팔', '#소통', '#먹팔', '#먹팔소통', '#일상스타그램', '#제주', '#제주도여행', '#제주여행', '#제주숙소', '#제주숙소추천', '#제주독채펜션', '#제주독채', '#여행스타그램', '#브런치', '#여행']",2021-08-19,0,
#제주여행 ..제주 여행후 공항으로 돌아가기전항상 들리는 공항 뒷길해안길 따라 드라이브 하기도 좋고벤치에 앉아 풍경보며 이런저런 생각하기도 좋은곳용두암쪽에는 신생핫플들도 생겼던데또 가고 싶은 곳,['#제주여행'],2021-08-19,0,
하트시그널3에 나왔던 카페인데 TV로 봤던 느낌이랑 너무 달라서 깜짝 놀랐다…#제주 #제주도 #제주여행 #여행스타그램 #휴가 #여름휴가 #카페 #제주카페 #카페스타그램 #하트시그널3 #이너프 #enough,"['#제주', '#제주도', '#제주여행', '#여행스타그램', '#휴가', '#여름휴가', '#카페', '#제주카페', '#카페스타그램', '#하트시그널3', '#이너프', '#enough']",2021-08-19,0,
⠀⠀⠀⠀⠀⠀ ⠀⠀⠀⠀⠀⠀ ⠀⠀⠀⠀⠀⠀ ⠀ ⠀⠀⠀⠀⠀⠀ ⠀⠀⠀⠀⠀⠀ ⠀#귀욥고곱은거❤️⠀⠀⠀⠀⠀⠀ ⠀⠀⠀⠀⠀⠀ ⠀⠀⠀⠀⠀⠀ ⠀ ⠀⠀⠀⠀⠀⠀ ⠀⠀⠀⠀⠀⠀ ⠀,['#귀욥고곱은거❤️⠀⠀⠀⠀⠀⠀'],2021-08-19,0,
"-오전에는 천둥번개가치더니 , 지금은 햇빛쨍🧐제주날씨는 참 오락가락 변덕쟁이🤭-오늘도 투접시족발은 오픈 준비 마치고 문을 활짝 열었어요☺️-제주흑돼지족발과,신선한 야채🥕들을 많이많이 준비했어용🤗-⏰15:00~23:30(재료소진시까지)🏡구좌읍 세화2길 22 그린뷰타운 1층☎️064-782-5477궁금하신거나 자세한 사항은 📞주세요😁-#투접시족발#세화오일장#세화오일장맛집#세화해변맛집#세화맛집#평대맛집#평대해변맛집#하도리맛집#하도해변맛집#종달리맛집#구좌읍맛집#구좌맛집#월정리맛집#월정리해변맛집#비자림맛집#세화족발맛집#제주흑돼지#세화흑돼지맛집#세화배달#구좌읍배달#세화해녀박물관근처#해녀박물관맛집#반반족발#불족#허니마늘족발#튀김족발#제주여행#세화도민맛집#제주도민맛집#제주동쪽여행","['#투접시족발', '#세화오일장', '#세화오일장맛집', '#세화해변맛집', '#세화맛집', '#평대맛집', '#평대해변맛집', '#하도리맛집', '#하도해변맛집', '#종달리맛집', '#구좌읍맛집', '#구좌맛집', '#월정리맛집', '#월정리해변맛집', '#비자림맛집', '#세화족발맛집', '#제주흑돼지', '#세화흑돼지맛집', '#세화배달', '#구좌읍배달', '#세화해녀박물관근처', '#해녀박물관맛집', '#반반족발', '#불족', '#허니마늘족발', '#튀김족발', '#제주여행', '#세화도민맛집', '#제주도민맛집', '#제주동쪽여행']",2021-08-19,0,
⚪️sat - thu pm 1:00 - pm 6:00커피를 제외한 나머지음료와 디저트는 미리 만들어 냉장하여 판매하기 때문에 조기소진될 수 있으니 특정 메뉴를 구매하고자 오시는분들은 전화로 미리 연락주시면 체크해드리겠습니다 🚩7/19(thu) #soldout#시트론애플티보틀#레몬머틀티보틀...#루페이퍼 #루페이퍼쇼룸 #부티크상점#rupaper #rupapershowroom #boutiquestore,"['#soldout', '#시트론애플티보틀', '#레몬머틀티보틀...', '#루페이퍼', '#루페이퍼쇼룸', '#부티크상점', '#rupaper', '#rupapershowroom', '#boutiquestore']",2021-08-19,0,
간만에 친구랑 속닥속닥~~....................#루이비통백팩#루이비통팔찌#루이비통네일#제주#제주도카페#제주카페#제주공항근처맛집#제주맛집#제주스냅#제주여행#제주시맛집#제주애월맛집#사랑합니다#여행사지#집사#사과#사진보정#사천#커셉사진#사설토토#사진여행#사이클#사람#사랑꾼#사진가#사상#풍경#풍경사진#풍경그램#풍경스타그램,"['#루이비통백팩', '#루이비통팔찌', '#루이비통네일', '#제주', '#제주도카페', '#제주카페', '#제주공항근처맛집', '#제주맛집', '#제주스냅', '#제주여행', '#제주시맛집', '#제주애월맛집', '#사랑합니다', '#여행사지', '#집사', '#사과', '#사진보정', '#사천', '#커셉사진', '#사설토토', '#사진여행', '#사이클', '#사람', '#사랑꾼', '#사진가', '#사상', '#풍경', '#풍경사진', '#풍경그램', '#풍경스타그램']",2021-08-19,0,
"#서귀포 #모슬포새우살아있는 싱싱한 새우를 겟할 수 이쒀🦐물이 깨끗하기로 유명한 모슬포 해안🌊에서 가져와다른 새우들과는 어나덜 클라스를 자랑해👍👍정부가 인증한 친환경 새우양식 기술인 ""바이오플락"" 기술을 이용하여 새우를 생산중❗️❗️더욱 믿음직스러워 안전하게 먹을 수 있는 곳이라규😆새우 포장하러 달려 가즈아💨@오늘은 새우파티 각이다🙋‍♂️🔹주소 : 제주특별자치도 서귀포시 대정읍 노을해안로 102-19 새우양식장🔹매일 00:00 - 24:00#제주여행 #제주도여행 #제주여행코스 #제주가볼만한곳 #제주맛집추천 #제주도맛집추천 #제주핫플 #제주도핫플 #제주도가볼만한곳 #제주도새우 #새우맛집 #서귀포맛집 #서귀포맛집추천 #대정맛집 #대정읍맛집","['#서귀포', '#모슬포새우살아있는', '#제주여행', '#제주도여행', '#제주여행코스', '#제주가볼만한곳', '#제주맛집추천', '#제주도맛집추천', '#제주핫플', '#제주도핫플', '#제주도가볼만한곳', '#제주도새우', '#새우맛집', '#서귀포맛집', '#서귀포맛집추천', '#대정맛집', '#대정읍맛집']",2021-08-19,0,
"눈코입이 자유로웠던 인간이황사로 눈 앞이 흐려지고유해가스로 호흡은 혹사 당하고재주가 늘어 말이 많아지니 입은, 또 가시가 돋혀도 결국 내 탓이니까ㅡ 인간들 탓이니까, 우리가 겪어 내야는게 맞는데이들의 생에 침범한 우리가, 또 겪어 내야할 것들은 더더욱 무시무시한 벌이였으면 좋겠다. 그렇게 돌고 돌아 어느 생에는 누구도 그 누구를 침범하지 않는 때가 왔으면 참 좋겠다.부디 모든 동물들이 스스로 선택한 삶과 죽음에 놓일 수 있길...그리고, 그들만큼 순수한 어린 아이들에게도 아픔이 없기를. #어른이랑사람이제일나빠@animal_kara by @easy_repost_app----------------------------------------12년 동안 제주 마린파크에 갇혀 강제로 체험에 동원되던 돌고래 화순이가 끝내 고향 바다로 돌아가지 못한 채 결국 수족관에서 생을 마감했습니다.⠀얼마 전 동물권행동 카라는 예약제로 운영되는 마린파크가 예약을 받지 않고 있으며 전화도 불통임을 확인했습니다. 계속 전화를 시도했지만, 전화는 계속 불통이고 예약 창도 열리지 않았습니다. 화순이의 안위에 문제가 생겼을지 모른다는 불안감이 급습했고 제주도에서 해양동물 보호 활동을 하는 핫핑크 돌핀스와 제주 도청의 담당 주무관에게 이 사실을 알리고 확인을 요청했습니다. 8월 15일 핫핑크 돌핀스가 현장을 찾아 마린파크가 더 이상 영업을 하지 않는다는 사실을 알려왔고, 8월 18일에 제주 도청이 현장을 방문해 8월 14일에 화순이의 부검이 신청된 것을 확인했습니다.⠀제주 마린파크에서는 11년간 8마리의 돌고래가 폐사했으며 2020년 8월부터 2021년 8월까지 1년 만에 보유 중인 돌고래 4마리가 모두 폐사했습니다. 동물권행동 카라와 많은 동료 단체들이 마린파크의 열악한 환경과 동물 학대에 가까운 체험프로그램을 규탄하고 남은 돌고래를 방류할 것을 끊임없이 요구해왔습니다. ⠀하지만 돌고래 학대에 책임이 있는 제주 마린파크, 제주도청, 해양수산부 모두 시민들의 목소리는 무시한 채 돌고래들의 죽음을 방관해왔습니다. 그리고 그 결과 제주 마린파크의 마지막 생존 돌고래였던 화순이마저 세상을 떠나고 말았습니다.⠀우리는 화순이가 하루를 살더라도 바다에서 자유롭게 헤엄치게 해주고 싶었습니다. 화순이가 저세상에서는 자유롭고 힘차게 바다를 헤엄치길 바라며 화순이의 명복을 빕니다.⠀이제 제주 마린파크에 남은 돌고래는 없습니다. 하지만 아직도 대한민국에는 23마리의 고래류가 감옥과 같은 수족관에서 전시, 체험에 동원되며 학대당하고 있습니다. 좁디좁은 수조에서 많은 동료들과의 다양한 교감이 아닌 벽에 반사되어 돌아오는 자신의 초음파를 하루종일 들으며 서서히 죽어가고 있습니다. ⠀2017년 야생생물법 개정으로 잔인한 방법으로 포획된 동물은 수입이 금지되면서 사실상 고래류 수입이 금지되었습니다. 더 이상 고래류를 수입할 수 없기 때문에 고래류를 보유한 수족관들은 고래류가 모두 폐사하면 돌고래 전시, 체험을 멈출 수밖에 없습니다. 하지만 그런 비참한 결말을 우리는 지켜보고만 있을 수는 없습니다. 지금 당장 수족관에 감금되어있는 고래류의 체험, 전시를 중단하고 고래류의 방류 계획을 세울 것을 모든 수족관과 정부에 요구합니다.⠀#제주마린파크 #마린파크 #제주여행 #고래체험 #가족여행 #화순이 #돌고래 #고래의_집은_바다 #수족관OFF_바다쉼터ON #수족관에가지않겠습니다 #고래감옥 #돌고래감옥 #아쿠아리움 #수족관 #제주도 #원희룡 #롯데아쿠아리움 #장생포 #고래생태체험관 #거제씨월드 #퍼시픽랜드 #아쿠아플라넷제주 #아쿠아플라넷여수 #동물은_인간의_오락도구가_아니다 #전시동물 #그만죽여 #바다쉼터 #대안은없다","['#어른이랑사람이제일나빠@animal_kara', '#제주마린파크', '#마린파크', '#제주여행', '#고래체험', '#가족여행', '#화순이', '#돌고래', '#고래의_집은_바다', '#수족관OFF_바다쉼터ON', '#수족관에가지않겠습니다', '#고래감옥', '#돌고래감옥', '#아쿠아리움', '#수족관', '#제주도', '#원희룡', '#롯데아쿠아리움', '#장생포', '#고래생태체험관', '#거제씨월드', '#퍼시픽랜드', '#아쿠아플라넷제주', '#아쿠아플라넷여수', '#동물은_인간의_오락도구가_아니다', '#전시동물', '#그만죽여', '#바다쉼터', '#대안은없다']",2021-08-19,0,
발리갬성 뿜뿜하는 협재카페!!협재바다 백사장이랑 맞닿아 있는외부자석이 제일 인기가 많대❤+) 여기 노을맛집이니까 노을질때 가야함!..#협재 #호텔샌드 #제주 #제주여행 #제주카페 #제주카페추천 #협재해수욕장 #협재카페 #한림 #한림맛집 #한림카페 #제주맛집,"['#협재', '#호텔샌드', '#제주', '#제주여행', '#제주카페', '#제주카페추천', '#협재해수욕장', '#협재카페', '#한림', '#한림맛집', '#한림카페', '#제주맛집']",2021-08-19,0,
사진놀이터에서 다양한 컨셉으로 사진찍고카톡프사 &  인스타 프사 건져볼까요:)?경성의복부터 교복까지  다양한 #의상대여 가전부 가능한  포토존 천국🤩프로필 링크 타고 가시면 할인티켓 구매가능!★#사진놀이터전화- 064-749-7258주소- 제주 제주시 애월읍 평화로 2835 사진놀이터운영시간-  매일 09:30 - 18:00(입장마감 18:00 / 관람마감 19:00)#제주여행 #제주여행지 #제주가볼만한곳 #제주사진찍기좋은곳 #제주데이트 #제주데이트코스 #제주핫플 #제주아이와갈만한곳 #아이와제주여행 #아이랑갈만한곳 #맞팔 #맞팔환영 #맞팔해요 #맞팔선팔환영 #선팔하면맞팔 #선팔맞팔 #선팔하면맞팔가요 #followｍe #following #놀러와제주 #브이패스 #인업같이 #씨클 #씨클맞팔 #방돈인친 #소통환영 #그로커챌린지,"['#의상대여', '#사진놀이터전화-', '#제주여행', '#제주여행지', '#제주가볼만한곳', '#제주사진찍기좋은곳', '#제주데이트', '#제주데이트코스', '#제주핫플', '#제주아이와갈만한곳', '#아이와제주여행', '#아이랑갈만한곳', '#맞팔', '#맞팔환영', '#맞팔해요', '#맞팔선팔환영', '#선팔하면맞팔', '#선팔맞팔', '#선팔하면맞팔가요', '#followｍe', '#following', '#놀러와제주', '#브이패스', '#인업같이', '#씨클', '#씨클맞팔', '#방돈인친', '#소통환영', '#그로커챌린지']",2021-08-19,0,
"-여행토퍼✨..✔️토퍼주문문의👉🏻카톡플친 ""오꼬맹토퍼""상단에 프로필 링크를 눌러주세요☝🏻..#제주태교여행토퍼#제주토퍼#제주여행토퍼#제주여행#여행토퍼#기념일여행토퍼#만삭사진#만삭촬영#태교여행토퍼#셀프만삭촬영#케이크토퍼#토퍼#오꼬맹토퍼#맞춤토퍼#토퍼주문#토퍼제작#토퍼주문제작","['#제주태교여행토퍼', '#제주토퍼', '#제주여행토퍼', '#제주여행', '#여행토퍼', '#기념일여행토퍼', '#만삭사진', '#만삭촬영', '#태교여행토퍼', '#셀프만삭촬영', '#케이크토퍼', '#토퍼', '#오꼬맹토퍼', '#맞춤토퍼', '#토퍼주문', '#토퍼제작', '#토퍼주문제작']",2021-08-19,0,
8월의 제주🌴찍는 곳마다 예쁘다 @ia_beautifuljeju#사단법인아름다운제주#8월제주 #8월아름다운제주공모전 #제주여행,"['#사단법인아름다운제주', '#8월제주', '#8월아름다운제주공모전', '#제주여행']",2021-08-19,0,
#제주여행 #마지막날 #더있고싶다 #제주와함께라면 #리치망고 #노형수퍼마켙 #제주하멜 #하멜치즈몽,"['#제주여행', '#마지막날', '#더있고싶다', '#제주와함께라면', '#리치망고', '#노형수퍼마켙', '#제주하멜', '#하멜치즈몽']",2021-08-19,0,
이번주 토요일 저녁시간 예약 마감되었습니다:)감사합니다💙 #파란지붕아래#제주셀로나#바르셀로나#제주동쪽#세화카페#스페인식카페#타파스바#구좌읍맛집#구좌읍카페#세화맛집#세화해변#제주동쪽여행#제주카페#제주카페추천#제주동쪽카페#메뉴델디아#제주낮술#상그리아#끌라라#레몬맥주#제주커피맛집#또르띠야#빠에야#바스크치즈케이크#가스파초#제주여행#스페인여행#핀초#해산물샐러드#크라상샌드위치,"['#파란지붕아래', '#제주셀로나', '#바르셀로나', '#제주동쪽', '#세화카페', '#스페인식카페', '#타파스바', '#구좌읍맛집', '#구좌읍카페', '#세화맛집', '#세화해변', '#제주동쪽여행', '#제주카페', '#제주카페추천', '#제주동쪽카페', '#메뉴델디아', '#제주낮술', '#상그리아', '#끌라라', '#레몬맥주', '#제주커피맛집', '#또르띠야', '#빠에야', '#바스크치즈케이크', '#가스파초', '#제주여행', '#스페인여행', '#핀초', '#해산물샐러드', '#크라상샌드위치']",2021-08-19,0,
⚪️sat - thu pm 1:00 - pm 6:00커피를 제외한 나머지음료와 디저트는 미리 만들어 냉장하여 판매하기 때문에 조기소진될 수 있으니 특정 메뉴를 구매하고자 오시는분들은 전화로 미리 연락주시면 체크해드리겠습니다 🚩7/19(thu) #soldout#시트론애플티보틀#레몬머틀티보틀...#루페이퍼 #루페이퍼쇼룸 #부티크상점#rupaper #rupapershowroom #boutiquestore,"['#soldout', '#시트론애플티보틀', '#레몬머틀티보틀...', '#루페이퍼', '#루페이퍼쇼룸', '#부티크상점', '#rupaper', '#rupapershowroom', '#boutiquestore']",2021-08-19,0,
케이스주문은 프로필링크 클릭!,[],2021-08-19,0,
케이스주문은 프로필링크 클릭!,[],2021-08-19,0,
케이스주문은 프로필링크 클릭!,[],2021-08-19,0,
케이스주문은 프로필링크 클릭!,[],2021-08-19,0,
갸을느낌... 🌾,[],2021-08-17,0,
#주황꽃다발,['#주황꽃다발'],2021-08-17,0,
#핑크장미 #핑크꽃다발,"['#핑크장미', '#핑크꽃다발']",2021-08-17,0,
우리 예쁘다 ♡ *+:꒰◍•ᴗ•◍꒱:+* ♡,[],2021-08-14,0,
"올해 타협회 경기들을 보면서 정말 몸좋고 실력좋은 선수들이 많음을 다시 한 번 느꼈다.난 단지 우물안의 작은 올챙이인가..하는 느낌도 받았고,내 노력이 부족해서 아직 난 이 모양인가 하는 생각도 들었고,내가 직장인이 아니라 트레이너였다면 어땠을까 하는 머리복잡한 생각도 들었고,나에게도 좋은 운동 파트너가 있었다면 하는 아쉬운 생각도 들었고...잘하고 있는데 나혼자 자괴감에 빠져있나..하는 조금 거만한 생각도 들었고..하지만 어떠한 환경속에서 운동한 들, 본인의 의지만 있다면  지금의 이 생각들은 다 푸념일 뿐이고, 다시금 마음을 가다듬고,몰두하고,집착하고,노력하고,또 노력해서,올 해 기회만 주워진다면좋은 경기실력으로 다시금 최고의 자리에 서고싶다.이놈의 코로나 4단계 언제면 풀리려나...ㅠㅜ #운동하는여자 #운동하는남자#운동 #헬스 #헬스타그램 #헬스하는여자 #헬스하는남자 #health #힙 #hip #몸짱 #보디빌딩 #bodybuilding #피트니스 #fitness #보디피트니스 #피지크#미스터코리아 #제주살이 #제주태닝 #써니태닝이도점 #제주헬스 #제주여행 #팀단호박","['#운동하는여자', '#운동하는남자', '#운동', '#헬스', '#헬스타그램', '#헬스하는여자', '#헬스하는남자', '#health', '#힙', '#hip', '#몸짱', '#보디빌딩', '#bodybuilding', '#피트니스', '#fitness', '#보디피트니스', '#피지크', '#미스터코리아', '#제주살이', '#제주태닝', '#써니태닝이도점', '#제주헬스', '#제주여행', '#팀단호박']",2021-08-19,0,
.제주 핫플레이스 콧수염 카페 😊여심 저격 피크닉월정 바다가 한눈에 들어오는 야외 테라스옥상 빈백 정원바다 뷰와 편안한 빈백 소파까지 준비되어 있어요 ☕️🧺🐕제주시 구좌읍 해맞이해안로 406 카페콧수염070-4131-8880매일 모든 메뉴 sold-out 되므로 선착순 판매합니다.예쁜 사진 남겨주셔서 감사합니다 🌷#제주도마카롱 #월정리맛집 #함덕해수욕장 #제주마카롱맛집 #월정리카페콧수염 #제주도민맛집 #제주도맛집 #제주카페추천 #월정리카페거리 #월정리 #구좌읍맛집 #제주도 #제주시카페 #제주카페 #제주도선물 #서귀포카페 #제주도카페 #성산맛집 #월정리해변 #월정리콧수염 #제주도여행 #제주맛집 #공항근처맛집 #제주피크닉 #제주여행 #서귀포맛집 #월정리카페 #제주월정리 #제주월정리카페 #제주,"['#제주도마카롱', '#월정리맛집', '#함덕해수욕장', '#제주마카롱맛집', '#월정리카페콧수염', '#제주도민맛집', '#제주도맛집', '#제주카페추천', '#월정리카페거리', '#월정리', '#구좌읍맛집', '#제주도', '#제주시카페', '#제주카페', '#제주도선물', '#서귀포카페', '#제주도카페', '#성산맛집', '#월정리해변', '#월정리콧수염', '#제주도여행', '#제주맛집', '#공항근처맛집', '#제주피크닉', '#제주여행', '#서귀포맛집', '#월정리카페', '#제주월정리', '#제주월정리카페', '#제주']",2021-08-19,0,
Cream latte with lots of cinnamon 😋.#카페메이비 #서귀포카페............#제주도카페 #이중섭거리 #제주여행 #카페 #와인 #서귀포술집 #서귀포와인바 #서귀포핫플 #jeju #seogwipo #jejudo #bar #cafe #wine #제주도와인 #서귀포와인 #서귀포추천 #제주도와인바 #제주도맛집 #와인추천 #서귀포맛집추천 #서귀포브런치 #제주도민 #제주일상,"['#카페메이비', '#서귀포카페............', '#제주도카페', '#이중섭거리', '#제주여행', '#카페', '#와인', '#서귀포술집', '#서귀포와인바', '#서귀포핫플', '#jeju', '#seogwipo', '#jejudo', '#bar', '#cafe', '#wine', '#제주도와인', '#서귀포와인', '#서귀포추천', '#제주도와인바', '#제주도맛집', '#와인추천', '#서귀포맛집추천', '#서귀포브런치', '#제주도민', '#제주일상']",2021-08-19,0,
".네, 다운타우너에요강남에도 있지만 그냥 먹으러와봣어요.옆집 도넛은 왜케 줄이길죠회사에서 시켜먹었던 기억이 있는데크리스핏도넛이 더 맛있어요 ㅜ ㅜ.#다운타우너제주 #제주 #제주맛집 #제주도 #제주도맛집 #다운타우너 #다운타우너햄버거 #수제버거 #햄버거 #애월맛집 #애월수제버거 #애월버거 #먹방 #먹스타그램 #맛스타그램 #맞팔 #선팔 #소통 #제주도여행 #제주여행","['#다운타우너제주', '#제주', '#제주맛집', '#제주도', '#제주도맛집', '#다운타우너', '#다운타우너햄버거', '#수제버거', '#햄버거', '#애월맛집', '#애월수제버거', '#애월버거', '#먹방', '#먹스타그램', '#맛스타그램', '#맞팔', '#선팔', '#소통', '#제주도여행', '#제주여행']",2021-08-19,0,
⁣#제주여행 02⁣⁣첫날 저녁은 제주 동문시장에서 이것저것 구매⁣⁣1. 족발⁣2. 초면(볶음면)⁣3. 김밥(통새우김밥)⁣⁣젤 맛났던게 불쇼 🔥 대박인 `초면`⁣불향도 기가맥히구 자극적인 맛인데다가⁣면이 불지도 않아서 술술 😋⁣⁣근데 아직 야시장에 있으려나?⁣워낙 매장이 자주 바뀌는게 이곳이니 🥲⁣⁣👉🏻 초면 불쇼 피드 박제 😝⁣,['#제주여행'],2021-08-19,0,
내 아지트 💕잠시 멍 타임 가진 후 나의 할 일에 집중📖오랫만에 청귤 파치사서 오랫만에 청귤청 담굴까 고민 되네...🤭#일상#일상그램#제주살이#제주도민일상#커피#아아#coffee#cafe#jeju#jejucafe#영어강사#강사#강사그램#수업준비#제주도카페#청귤#청귤청#happy#제주여행#제주도날씨,"['#일상', '#일상그램', '#제주살이', '#제주도민일상', '#커피', '#아아', '#coffee', '#cafe', '#jeju', '#jejucafe', '#영어강사', '#강사', '#강사그램', '#수업준비', '#제주도카페', '#청귤', '#청귤청', '#happy', '#제주여행', '#제주도날씨']",2021-08-19,0,
-이제 물놀이는 끝난것인가..#제주앓이,['#제주앓이'],2021-08-19,0,
"-만삭토퍼👶🏻..✔️토퍼주문문의👉🏻카톡플친 ""오꼬맹토퍼""상단에 프로필 링크를 눌러주세요☝🏻..#제주태교여행토퍼#제주토퍼#제주여행토퍼#제주여행#여행토퍼#기념일여행토퍼#만삭사진#만삭촬영#태교여행토퍼#셀프만삭촬영#케이크토퍼#토퍼#오꼬맹토퍼#맞춤토퍼#토퍼주문#토퍼제작#토퍼주문제작","['#제주태교여행토퍼', '#제주토퍼', '#제주여행토퍼', '#제주여행', '#여행토퍼', '#기념일여행토퍼', '#만삭사진', '#만삭촬영', '#태교여행토퍼', '#셀프만삭촬영', '#케이크토퍼', '#토퍼', '#오꼬맹토퍼', '#맞춤토퍼', '#토퍼주문', '#토퍼제작', '#토퍼주문제작']",2021-08-19,0,
.항상 제주올때마다여긴 왜이렇게 유명할까 했어요항상 문닫혀있거나 줄서있어서..비가와서 손님이 없어가 드뎌 와보네요!.국물은 인정!사귄지 얼마 안된 커플은 비추.#놀맨 #놀맨라면 #제주감성 #해물라면 #라면 #제주라면 #제주라면맛집 #제주라면추천 #애월맛집 #애월카페거리 #애월라면 #애월카페 #먹방 #맛스타그램 #먹스타그램 #맞팔 #선팔 #소통 #신혼여행 #제주 #제주도 #제주여행 #제주먹방 #제주도여행,"['#놀맨', '#놀맨라면', '#제주감성', '#해물라면', '#라면', '#제주라면', '#제주라면맛집', '#제주라면추천', '#애월맛집', '#애월카페거리', '#애월라면', '#애월카페', '#먹방', '#맛스타그램', '#먹스타그램', '#맞팔', '#선팔', '#소통', '#신혼여행', '#제주', '#제주도', '#제주여행', '#제주먹방', '#제주도여행']",2021-08-19,0,
케이스주문은 프로필링크 클릭!,[],2021-08-19,0,
케이스주문은 프로필링크 클릭!,[],2021-08-19,0,
"지금은 우도, 6년만에 오니 진짜 너무 좋다 그대로인 가게들도 있구🤍 비온다더니 날도 좋고 너무 햄볶 :)",[],2021-08-19,0,
케이스주문은 프로필링크 클릭!,[],2021-08-19,0,
우ㅇ ㅏ😱제주도 내려오기전 중성화수술하고율무옆에서 가장 큰 힘(?)이 되주던 친구 그땐 둘 사이즈가 얼추 비슷하더니...율무 진짜 마니컸구나~우리 똥강아지 아주 신통방통 대견해버려!!!!!!#애월율무🌴 #테드,"['#애월율무🌴', '#테드']",2021-08-19,0,
케이스주문은 프로필링크 클릭!,[],2021-08-19,0,
케이스주문은 프로필링크 클릭!,[],2021-08-19,0,
케이스주문은 프로필링크 클릭!,[],2021-08-19,0,
자연힐링🌳#윤설이네세번째제주#깨동깨호,"['#윤설이네세번째제주', '#깨동깨호']",2021-08-19,0,
케이스주문은 프로필링크 클릭!,[],2021-08-19,0,
케이스주문은 프로필링크 클릭!,[],2021-08-19,0,
케이스주문은 프로필링크 클릭!,[],2021-08-19,0,
케이스주문은 프로필링크 클릭!,[],2021-08-19,0,
케이스주문은 프로필링크 클릭!,[],2021-08-19,0,
케이스주문은 프로필링크 클릭!,[],2021-08-19,0,
⠀⠀⠀⠀⠀⠀ ⠀⠀⠀⠀⠀⠀ ⠀⠀⠀⠀⠀⠀ ⠀ ⠀⠀⠀⠀⠀⠀ ⠀⠀⠀⠀⠀⠀ ⠀이제 하나씩 슬 #쟁여볼까요💛⠀⠀⠀⠀⠀⠀ ⠀⠀⠀⠀⠀⠀ ⠀⠀⠀⠀⠀⠀ ⠀ ⠀⠀여름엔 모래오리 🐥겨울엔 눈사람오리🐥⠀⠀⠀⠀⠀⠀ ⠀⠀⠀⠀⠀⠀ ⠀⠀⠀⠀⠀⠀ ⠀ ⠀⠀⠀⠀⠀⠀ ⠀⠀⠀⠀⠀⠀ ⠀,['#쟁여볼까요💛⠀⠀⠀⠀⠀⠀'],2021-08-19,0,
케이스주문은 프로필링크 클릭!,[],2021-08-19,0,
케이스주문은 프로필링크 클릭!,[],2021-08-19,0,
제주10일차💚제주의 마지막날🌿💙.열흘동안 즐거웠다 제주🎶✨..#제주여행#제주도#제주#jeju#서귀포#서귀포여행#친구랑여행#혀니미니#제주10일차#성산#성산일출봉#오조포구#성산오조지질트레일#여기서만만보를걷다니#제주안녕#제주마지막날,"['#제주여행', '#제주도', '#제주', '#jeju', '#서귀포', '#서귀포여행', '#친구랑여행', '#혀니미니', '#제주10일차', '#성산', '#성산일출봉', '#오조포구', '#성산오조지질트레일', '#여기서만만보를걷다니', '#제주안녕', '#제주마지막날']",2021-08-19,0,
7월 공모전 “제주바다” 대상 당선작!!서귀포항을 담아내신 @red__h1 님의 사진입니다💙제주민들의 생업을 책임지는 어업을 위한 배들과 늘어선 야자수 배경으로 희미하게 보이는 한라산 능선까지 ~ 이 사진을 보자마자 휴양지로써만이 아닌 진짜 제주바다의 모습을 보는듯한 느낌이 들었습니다.제주도만이 아닌 제주도민의 모습도 겹쳐보였던 것 같습니다. 게다가 빛바랜 색감이 더욱 정겨운 마음이 들게 했구요🧡당선을 다시한번 축하드립니다🎉#사단법인아름다운제주 #아름다운제주 #서귀포항 #아름다운제주공모전 #7월당선작 #대상 #제주바다 #제주 #제주도 #제주여행,"['#사단법인아름다운제주', '#아름다운제주', '#서귀포항', '#아름다운제주공모전', '#7월당선작', '#대상', '#제주바다', '#제주', '#제주도', '#제주여행']",2021-08-19,0,
"카페인 없는 부스터 ! ♥️스포츠영양학계에서 가장 인지도 높은 호주 체육과학연구원에 퍼포먼스 향상을 위해 효과적이고 장기적인 안정성을 가진성분, ""CLASS A""로 승격할 정도로 인정받은 비트즙! ♥️운동 전 아메리카노나 레드불 카페인 섭취하시는 분들 ! 마시면 마실 수록 자꾸 내성이 생겨 버려 더 많은 카페인을 필요로 하게 되죠 ㅠㅠ 이젠 카페인 없는 부스터 비트즙으로 밤에도 부담 없이 운동 즐기세요 ! 😍맛은 장담합니다 👍😍😍마셔본 사람은 안다는 제주 오가닉스제주유기농 비트즙!♥️",[],2021-08-19,0,
노리터 카페는 쉬고 있지만 내부적으로는 열일중 이랍니다곧 열일 마치고 짜잔!!하고 휴무끝!!! 공지 올릴께요😊카페는 쉬고 있지만 한달살기.보름살기는 성업 중입니다 🏡노리터 한달살기 🏡 보름살기 🏡🌳4000여평의  숲속정원 속에서 프라이빗 하게 지낼수 우리만의 공간🌳🌈숙박 예약자분들은 1727노리터 무료이용 가능.✔개인수영장 있는 독채형 큰원룸/애견동반가능.✔개인수영장 없는 독채형 큰원룸/애견동반불가.✔큰투룸✔기본 취사도구.✔풀옵션.✔코로나 걱정 없는 단독 독채형.✔1-5분 편의점.마트.병원 인접.✔10-20내 바닷가.오름.곶자왈.관광단지.맛집.☎️ 010.7788.0289.,[],2021-08-19,0,
#제주카페#제주까페#제주여행#친봉산장#추억#카페추천#제주도여행코스#데이트코스#좋아요반사#좋아요테러#선팔하면맞팔,"['#제주카페', '#제주까페', '#제주여행', '#친봉산장', '#추억', '#카페추천', '#제주도여행코스', '#데이트코스', '#좋아요반사', '#좋아요테러', '#선팔하면맞팔']",2021-08-19,0,
제주도 여행✈️•상효원 (Sanghyowon )#제주도 #제주 #제주여행 #여행 #일상 #걷기#산책 #힐링 #숲 #서귀포 #수목원 #상효원#sanghyowon #jejuisland #좋반 #선팔맞팔 #소통 #daily #travel,"['#제주도', '#제주', '#제주여행', '#여행', '#일상', '#걷기', '#산책', '#힐링', '#숲', '#서귀포', '#수목원', '#상효원', '#sanghyowon', '#jejuisland', '#좋반', '#선팔맞팔', '#소통', '#daily', '#travel']",2021-08-19,0,
.제주 2일차 점심성산쪽에 있는 고등어쌈밥집!!!고등어조림과 전복뚝배기 시켰당!고등어김치찜느낌의 조림은 고등어가 엄청 통통했고 무가 부드러웠다간이 슴슴하고 짜지않아 쌈싸먹기 좋았는데 개인적으로 쌈과는 별루였고 김치 싸먹으면 맛있었다전복뚝배기도 간이 슴슴하고 쉬원함간장게장이 젤 맛있었다!!!밥먹고나서 옆에 스벅드뚜들려서 까망크림프라푸치노 한쟌❤️짱짱🥰.#제주여행#제주#제주먹방#제주고등어쌈밥#고등어조림#전복뚝배기#간장조림#성산맛집#제주스타벅스#까망크림프라푸치노,"['#제주여행', '#제주', '#제주먹방', '#제주고등어쌈밥', '#고등어조림', '#전복뚝배기', '#간장조림', '#성산맛집', '#제주스타벅스', '#까망크림프라푸치노']",2021-08-19,0,
"여기 아몬드#크로와상 진짜 너무마싯엉,, 4개나사먹음😭🥐",['#크로와상'],2021-08-19,0,
DIY란 게 이런 건가요?,[],2021-08-19,0,
"#어린왕자감귤밭 🍊 카페만 이용해도제주 어린왕자감귤밭에서 즐기는 이색데이트 코스알파카부터,미니말포니,타조,라쿤 등 11종 동물 먹이체험 가능하대~!!막 찍어도 인생샷이라는 예쁜 포토존도 있고💛📸📸게하까지 같이 운영해서 숙박까지 한방에 해결 가능!!완전 갓갓갓성비 카페라구!!👏🏻낮도예쁘지만 밤이 더예쁘다는 호불호없는 제주 핫플레이스!!🔥🔥이렇게 좋은데 안갈 이유가 없자나!! 말해뭐해~@@나랑 여기로 놀러가자!σ(≧ε≦σ) ♡📌sbs동물농장 854회방영 / 웹드라마 why , 오늘도배우다 예능촬영장소📌위치 : 서귀포시 대정읍 추사로36번길 45-1📌영업 : 매일 09:30-20:00📌문의 : 인스타 @ jeju.gosuhan#제주맛집 #제주핫플 #제주핫플레이스 #제주도가볼만한곳 #제주동물체험#제주동물원#제주라이프 #아이와제주여행 #신화월드카페 #제주한달살기#제주카페추천 #제주여행 #제주여행추천#제주일상 #제주데이트추천  #제주애견동반카페 #제주아이와갈만한곳#제주게하추천 #제주도게스트하우스추천#제주아이들과가볼만한곳 #아이와함께가볼만한곳#제주도민 #산방산카페#안덕면카페 #신화월드맛집 #히든클리프#제주아이와가볼만한곳 #제주도핫플레이스 #오설록","['#어린왕자감귤밭', '#제주맛집', '#제주핫플', '#제주핫플레이스', '#제주도가볼만한곳', '#제주동물체험', '#제주동물원', '#제주라이프', '#아이와제주여행', '#신화월드카페', '#제주한달살기', '#제주카페추천', '#제주여행', '#제주여행추천', '#제주일상', '#제주데이트추천', '#제주애견동반카페', '#제주아이와갈만한곳', '#제주게하추천', '#제주도게스트하우스추천', '#제주아이들과가볼만한곳', '#아이와함께가볼만한곳', '#제주도민', '#산방산카페', '#안덕면카페', '#신화월드맛집', '#히든클리프', '#제주아이와가볼만한곳', '#제주도핫플레이스', '#오설록']",2021-08-19,0,
여행의 마무리는 쇼핑이지ꗯ̤̮ 제주에서 찾은 새로운 리치향수ᰔ 넘흐 죠으다__이걸 뿌리고 누굴 꼬셔야되남??꼬시긴 뭘 꼬셔 피자나 꿉으야지😤😤--,[],2021-08-19,0,
날씨요정 나야나🧚🏻‍♀️🤍,[],2021-08-19,0,
"#어린왕자감귤밭 🍊 카페만 이용해도제주 어린왕자감귤밭에서 즐기는 이색데이트 코스알파카부터,미니말포니,타조,라쿤 등 11종 동물 먹이체험 가능하대~!!막 찍어도 인생샷이라는 예쁜 포토존도 있고💛📸📸게하까지 같이 운영해서 숙박까지 한방에 해결 가능!!완전 갓갓갓성비 카페라구!!👏🏻낮도예쁘지만 밤이 더예쁘다는 호불호없는 제주 핫플레이스!!🔥🔥이렇게 좋은데 안갈 이유가 없자나!! 말해뭐해~@@나랑 여기로 놀러가자!σ(≧ε≦σ) ♡📌sbs동물농장 854회방영 / 웹드라마 why , 오늘도배우다 예능촬영장소📌위치 : 서귀포시 대정읍 추사로36번길 45-1📌영업 : 매일 09:30-20:00📌문의 : 인스타 @ jeju.gosuhan#제주맛집 #제주핫플 #제주핫플레이스 #제주도가볼만한곳 #제주동물체험#제주동물원#제주라이프 #아이와제주여행 #신화월드카페 #제주한달살기#제주카페추천 #제주여행 #제주여행추천#제주일상 #제주데이트추천  #제주애견동반카페 #제주아이와갈만한곳#제주게하추천 #제주도게스트하우스추천#제주아이들과가볼만한곳 #아이와함께가볼만한곳#제주도민 #산방산카페#안덕면카페 #신화월드맛집 #히든클리프#제주아이와가볼만한곳 #제주도핫플레이스 #오설록","['#어린왕자감귤밭', '#제주맛집', '#제주핫플', '#제주핫플레이스', '#제주도가볼만한곳', '#제주동물체험', '#제주동물원', '#제주라이프', '#아이와제주여행', '#신화월드카페', '#제주한달살기', '#제주카페추천', '#제주여행', '#제주여행추천', '#제주일상', '#제주데이트추천', '#제주애견동반카페', '#제주아이와갈만한곳', '#제주게하추천', '#제주도게스트하우스추천', '#제주아이들과가볼만한곳', '#아이와함께가볼만한곳', '#제주도민', '#산방산카페', '#안덕면카페', '#신화월드맛집', '#히든클리프', '#제주아이와가볼만한곳', '#제주도핫플레이스', '#오설록']",2021-08-19,0,
수비드 요리는 처음이라 설렌마음으로 간곳 고기가 너무 부드럽고 비트밥이랑 잘 어울렸음  밥에 고기 올리고 생와사비 살짝 야채 올리면… 크으ㅠㅠ  또 가구 싶네 ㅠㅠ    #데일리#어제#요술식탁#오랜만#좋아요테러#제주시레스토랑#소통해요#제주맛집#오늘#제주공항맛집#일요일#제주한우맛집#주말#스테이크덮밥#오후#제주용담동#좋아요반사테러#제주관덕정맛집#소통#제주여행#좋아요그램#제주딱새우맛집#팔로우#제주공항#일상소통그램,"['#데일리', '#어제', '#요술식탁', '#오랜만', '#좋아요테러', '#제주시레스토랑', '#소통해요', '#제주맛집', '#오늘', '#제주공항맛집', '#일요일', '#제주한우맛집', '#주말', '#스테이크덮밥', '#오후', '#제주용담동', '#좋아요반사테러', '#제주관덕정맛집', '#소통', '#제주여행', '#좋아요그램', '#제주딱새우맛집', '#팔로우', '#제주공항', '#일상소통그램']",2021-08-19,0,
"상효원을 방문해주신 분들의LOVELY한 후기 이미지를 모아보았습니다🌈💝소중한 추억 사진 공유 감사드립니다🙇🏻‍♀️:상효원의 산파첸스 축제는 8월 29일 일요일 까지 입니다🤍:그리고 다가오는 가을 더욱 풍성한가을꽃축제로 맞이하겠습니다🧚🏻‍♀️:✅제주도 대표 야외 수목원으로안전 예방을 위한 꾸준한 방역과 환기를 실시하며,손 소독제와 전 직원 마스크 착용을 의무화하고 있습니다.🌷 제주 서귀포시 산록남로 2847-37☑ 매일 9시 - 18시 (10월~2월(입장마감 17시))☑ 매일 9시 - 19시 (3월~9월 /(입장마감 18시))",[],2021-08-19,0,
